model,stem,source,split,config,mode,fusion,prompts,negatives,rule,prob_thd,fill_holes_m2,iou,bf1,bf1_prec,bf1_rec,bf1_1m,road_frac_pred,road_frac_gt,n_instances,max_score,presence,box_fallback_to_text,n_boxes
zero-shot,test_crosswalk_33636869N_117839922W_jpeg.rf.dd1fc52c66bb1e24f5382c242044d924,coords-in-name,test,text__fused__road+car+crosswalk__neg-sidewalk+grass+building+tree__t0.15_c0.5_fill25,text,fused,road+car+crosswalk,sidewalk+grass+building+tree,positive,0.15,25.0,0.2146301734790493,0.1653545847583403,0.1680327868852459,0.16276041666666666,0.2360244703613296,0.06197834014892578,0.22674560546875,4,0.9307582974433899,0.9950946569442749,False,3
zero-shot,test_crosswalk_42359346N_71053574W_jpeg.rf.c5e2569ece11784900d9f1a6a505611b,coords-in-name,test,text__fused__road+car+crosswalk__neg-sidewalk+grass+building+tree__t0.15_c0.5_fill25,text,fused,road+car+crosswalk,sidewalk+grass+building+tree,positive,0.15,25.0,0.4493298796746023,0.18445486909063002,0.16208361278783814,0.21399046104928457,0.2792937145730039,0.16996479034423828,0.33856868743896484,14,0.9510226845741272,0.9991169571876526,False,3
zero-shot,test_crosswalk_33679213N_117712303W_jpeg.rf.4bf7194ab81439d59b2beb89c84e501c,coords-in-name,test,text__fused__road+car+crosswalk__neg-sidewalk+grass+building+tree__t0.15_c0.5_fill25,text,fused,road+car+crosswalk,sidewalk+grass+building+tree,positive,0.15,25.0,0.8504112919778328,0.6925513635249009,0.603052503052503,0.81324480762683,0.82404652819853,0.32051563262939453,0.35010528564453125,10,0.9542362689971924,0.9988664388656616,False,0
zero-shot,test_crosswalk_42313874N_71098428W_jpeg.rf.54e6ca947a36a1ea572d8a711eaf3941,coords-in-name,test,text__fused__road+car+crosswalk__neg-sidewalk+grass+building+tree__t0.15_c0.5_fill25,text,fused,road+car+crosswalk,sidewalk+grass+building+tree,positive,0.15,25.0,0.5328655848009641,0.4151423491641448,0.3476597372784084,0.5151322751322751,0.49758453979659134,0.34917640686035156,0.45381736755371094,23,0.9491904377937317,0.9987157583236694,False,4
zero-shot,test_crosswalk_32634344N_97115342W_jpeg.rf.331facec38d598a0be4c9fc08aaddbfc,coords-in-name,test,text__fused__road+car+crosswalk__neg-sidewalk+grass+building+tree__t0.15_c0.5_fill25,text,fused,road+car+crosswalk,sidewalk+grass+building+tree,positive,0.15,25.0,0.9400010982913994,0.7647965699519262,0.7327348066298343,0.799792531120332,0.7985155741571088,0.4956207275390625,0.48141956329345703,3,0.919339656829834,0.9859364032745361,False,2
zero-shot,test_crosswalk_33646599N_117805931W_jpeg.rf.f1f2fbc8b9fca764c81e52c1c4c982f5,coords-in-name,test,text__fused__road+car+crosswalk__neg-sidewalk+grass+building+tree__t0.15_c0.5_fill25,text,fused,road+car+crosswalk,sidewalk+grass+building+tree,positive,0.15,25.0,0.7202616754497547,0.37975898235675815,0.28647741147741146,0.5631196298744217,0.6207709634562093,0.2713441848754883,0.2703390121459961,2,0.8508808016777039,0.9196425676345825,False,0
zero-shot,test_crosswalk_42292763N_71130471W_jpeg.rf.607ce61af99568c73be62bda5021e6b5,coords-in-name,test,text__fused__road+car+crosswalk__neg-sidewalk+grass+building+tree__t0.15_c0.5_fill25,text,fused,road+car+crosswalk,sidewalk+grass+building+tree,positive,0.15,25.0,0.8125629238051213,0.6210104385077362,0.614396509936985,0.6277683134582623,0.6490795754747687,0.276031494140625,0.33348655700683594,8,0.945454478263855,0.998793363571167,False,3
zero-shot,test_crosswalk_42356452N_71070043W_jpeg.rf.859b9d82db4285c1f6e46080a98a2495,coords-in-name,test,text__fused__road+car+crosswalk__neg-sidewalk+grass+building+tree__t0.15_c0.5_fill25,text,fused,road+car+crosswalk,sidewalk+grass+building+tree,positive,0.15,25.0,0.8092173624512107,0.6608230081987956,0.5780335544284042,0.7712921199257098,0.7592359387544676,0.18051528930664062,0.21468162536621094,19,0.9524134397506714,0.9998313188552856,False,3
zero-shot,train_crosswalk_34629350N_86537778W_jpeg.rf.24eebeebd7d4f4c42a3d0f15d8211718,coords-in-name,train,text__fused__road+car+crosswalk__neg-sidewalk+grass+building+tree__t0.15_c0.5_fill25,text,fused,road+car+crosswalk,sidewalk+grass+building+tree,positive,0.15,25.0,0.819120983894929,0.31705460080435893,0.25157537566650506,0.42861246768170064,0.3811275089073533,0.5001764297485352,0.4387168884277344,3,0.8043930530548096,0.9184802770614624,False,0
zero-shot,train_crosswalk_42378289N_71033951W_jpeg.rf.1da36f70b1109f2450f339fa24049935,coords-in-name,train,text__fused__road+car+crosswalk__neg-sidewalk+grass+building+tree__t0.15_c0.5_fill25,text,fused,road+car+crosswalk,sidewalk+grass+building+tree,positive,0.15,25.0,0.8141085320605106,0.6071849252080858,0.5025301673803036,0.7668952007835456,0.7117397812623169,0.1806354522705078,0.20031356811523438,15,0.9492852687835693,0.999595582485199,False,0
zero-shot,train_crosswalk_32695497N_97115006W_jpeg.rf.30d2b3a20214bd646b3219c233de4abc,coords-in-name,train,text__fused__road+car+crosswalk__neg-sidewalk+grass+building+tree__t0.15_c0.5_fill25,text,fused,road+car+crosswalk,sidewalk+grass+building+tree,positive,0.15,25.0,0.8133130634115682,0.4095905865570592,0.3146588037068239,0.5865518199499861,0.4994703589720259,0.49735260009765625,0.586705207824707,10,0.9457607865333557,0.9991169571876526,False,0
zero-shot,train_crosswalk_33675406N_117833865W_jpeg.rf.4235e6ba11e0ebe57571a3d310c71501,coords-in-name,train,text__fused__road+car+crosswalk__neg-sidewalk+grass+building+tree__t0.15_c0.5_fill25,text,fused,road+car+crosswalk,sidewalk+grass+building+tree,positive,0.15,25.0,0.7780241941038236,0.5242825439665281,0.45636687444345503,0.6159465664788144,0.716489804899403,0.29378318786621094,0.32170772552490234,7,0.9487434029579163,0.998245358467102,False,0
zero-shot,train_crosswalk_42338129N_71099580W_jpeg.rf.daae6e52da0e6ca7bef64e4fc4286a43,coords-in-name,train,text__fused__road+car+crosswalk__neg-sidewalk+grass+building+tree__t0.15_c0.5_fill25,text,fused,road+car+crosswalk,sidewalk+grass+building+tree,positive,0.15,25.0,0.8576515642366873,0.7243002686023461,0.6549278552213255,0.8101101749837978,0.8343629419575267,0.16393375396728516,0.1723804473876953,15,0.9515125751495361,0.9996316432952881,False,0
zero-shot,train_crosswalk_41245221N_95961709W_jpeg.rf.91de745abbfac2636ccfe4fcec64215d,coords-in-name,train,text__fused__road+car+crosswalk__neg-sidewalk+grass+building+tree__t0.15_c0.5_fill25,text,fused,road+car+crosswalk,sidewalk+grass+building+tree,positive,0.15,25.0,0.6299733077056053,0.41835666676993144,0.35091063108852183,0.5178981937602627,0.4868063145885912,0.20827770233154297,0.32225608825683594,3,0.9320483803749084,0.9736446738243103,False,0
zero-shot,train_crosswalk_30343777N_81413418W_jpeg.rf.99374fc3fe695e501e011295cae48ee0,coords-in-name,train,text__fused__road+car+crosswalk__neg-sidewalk+grass+building+tree__t0.15_c0.5_fill25,text,fused,road+car+crosswalk,sidewalk+grass+building+tree,positive,0.15,25.0,0.6341406770220032,0.3068874728780563,0.21532240594988808,0.5339461040317527,0.4616324312914151,0.44074153900146484,0.41819000244140625,6,0.8627471327781677,0.9674102663993835,False,0
zero-shot,train_crosswalk_33640143N_117841907W_jpeg.rf.bc1c2f318b070950a9eb87645cbb89b2,coords-in-name,train,text__fused__road+car+crosswalk__neg-sidewalk+grass+building+tree__t0.15_c0.5_fill25,text,fused,road+car+crosswalk,sidewalk+grass+building+tree,positive,0.15,25.0,0.8481488738297446,0.5454008239259647,0.5088456822560868,0.5876146788990826,0.664767308937471,0.4124279022216797,0.37018394470214844,1,0.8495125770568848,0.9005298018455505,False,0
zero-shot,train_crosswalk_42323233N_71113286W_jpeg.rf.d5c01e6754a42d55990511d03b1eb048,coords-in-name,train,text__fused__road+car+crosswalk__neg-sidewalk+grass+building+tree__t0.15_c0.5_fill25,text,fused,road+car+crosswalk,sidewalk+grass+building+tree,positive,0.15,25.0,0.7258417689119342,0.5207149171626958,0.40213226719973344,0.7384819356977129,0.5861223890803292,0.22055912017822266,0.27779197692871094,11,0.9462479948997498,0.9996316432952881,False,0
zero-shot,train_crosswalk_30287078N_81520212W_jpeg.rf.a99178ba07fdbf1617175c7f86e29948,coords-in-name,train,text__fused__road+car+crosswalk__neg-sidewalk+grass+building+tree__t0.15_c0.5_fill25,text,fused,road+car+crosswalk,sidewalk+grass+building+tree,positive,0.15,25.0,0.7731104442122017,0.03138567331426883,0.03413865546218487,0.02904356534802203,0.0645988208151756,0.993504524230957,0.7701263427734375,1,0.5686101317405701,0.685949444770813,False,0
zero-shot,train_crosswalk_42365449N_71061121W_jpeg.rf.9a0076fa66feb4902edc48123b79b4f0,coords-in-name,train,text__fused__road+car+crosswalk__neg-sidewalk+grass+building+tree__t0.15_c0.5_fill25,text,fused,road+car+crosswalk,sidewalk+grass+building+tree,positive,0.15,25.0,0.7789154704427553,0.4361423916136145,0.40686113842456023,0.4699651567944251,0.5039133867876101,0.5318994522094727,0.5155725479125977,21,0.9527480602264404,0.9994471669197083,False,0
zero-shot,train_crosswalk_33637394N_117839038W_jpeg.rf.c0eb875bfca21c1844cbe4baaa81a579,coords-in-name,train,text__fused__road+car+crosswalk__neg-sidewalk+grass+building+tree__t0.15_c0.5_fill25,text,fused,road+car+crosswalk,sidewalk+grass+building+tree,positive,0.15,25.0,0.4755982587643745,0.2571631966941873,0.1947921162422673,0.37828856272500694,0.44311750150629886,0.15587425231933594,0.3277435302734375,4,0.7927671670913696,0.9525741338729858,False,0
zero-shot,train_crosswalk_42377961N_71052044W_jpeg.rf.9fd3cfe10b48df3ceee4b69ed2627d53,coords-in-name,train,text__fused__road+car+crosswalk__neg-sidewalk+grass+building+tree__t0.15_c0.5_fill25,text,fused,road+car+crosswalk,sidewalk+grass+building+tree,positive,0.15,25.0,0.5787017204266954,0.2951443005968896,0.263050153531218,0.3361581920903955,0.3804526597335714,0.2199258804321289,0.3494224548339844,8,0.9149361848831177,0.9924227595329285,False,0
zero-shot,train_crosswalk_33636961N_117835270W_jpeg.rf.891f6b80e62b782ca0367430e4a96a2b,coords-in-name,train,text__fused__road+car+crosswalk__neg-sidewalk+grass+building+tree__t0.15_c0.5_fill25,text,fused,road+car+crosswalk,sidewalk+grass+building+tree,positive,0.15,25.0,0.925960920508859,0.7542408515524824,0.7495915985997667,0.7589481373265157,0.8851468765160312,0.43324851989746094,0.42986106872558594,6,0.7743061780929565,0.9353464841842651,False,0
zero-shot,train_crosswalk_30343986N_81413292W_jpeg.rf.be45b2282e73d5a2ce4b58e9025f9007,coords-in-name,train,text__fused__road+car+crosswalk__neg-sidewalk+grass+building+tree__t0.15_c0.5_fill25,text,fused,road+car+crosswalk,sidewalk+grass+building+tree,positive,0.15,25.0,0.602984501833575,0.4165250510454553,0.39859538483588935,0.4361437210956955,0.5038699040141769,0.3141746520996094,0.47454357147216797,7,0.8629425168037415,0.9597620368003845,False,0
zero-shot,train_crosswalk_42340662N_71077804W_jpeg.rf.6e3931602ea2272d56e07066b236aa8f,coords-in-name,train,text__fused__road+car+crosswalk__neg-sidewalk+grass+building+tree__t0.15_c0.5_fill25,text,fused,road+car+crosswalk,sidewalk+grass+building+tree,positive,0.15,25.0,0.9262295241184663,0.7073702020856529,0.6260248055497162,0.813012729844413,0.7654964904835734,0.4678936004638672,0.4778156280517578,12,0.9567648768424988,0.999464213848114,False,0
zero-shot,train_crosswalk_33702530N_117745097W_jpeg.rf.054228f7521e9e85004b973cfc506f75,coords-in-name,train,text__fused__road+car+crosswalk__neg-sidewalk+grass+building+tree__t0.15_c0.5_fill25,text,fused,road+car+crosswalk,sidewalk+grass+building+tree,positive,0.15,25.0,0.13436840628849508,0.024952795771392287,0.013837837837837838,0.12681159420289856,0.03963241689672125,0.13686466217041016,0.040534019470214844,6,0.9451534748077393,0.9952448010444641,False,0
zero-shot,train_crosswalk_42348995N_71162425W_jpeg.rf.19685315285abc0d0f42f9752db717b1,coords-in-name,train,text__fused__road+car+crosswalk__neg-sidewalk+grass+building+tree__t0.15_c0.5_fill25,text,fused,road+car+crosswalk,sidewalk+grass+building+tree,positive,0.15,25.0,0.7401650443022546,0.45939606488961854,0.38375545851528386,0.5721754284054603,0.5310913968959544,0.2981433868408203,0.38943004608154297,14,0.9462984204292297,0.9996849298477173,False,0
zero-shot,train_crosswalk_41262083N_95998228W_jpeg.rf.a7c26114d20f8358989b0aa3d402f5fb,coords-in-name,train,text__fused__road+car+crosswalk__neg-sidewalk+grass+building+tree__t0.15_c0.5_fill25,text,fused,road+car+crosswalk,sidewalk+grass+building+tree,positive,0.15,25.0,0.35160775900834207,0.11068749231336858,0.10575793184488837,0.11609907120743033,0.17392206282999378,0.23795413970947266,0.34967613220214844,2,0.8119726181030273,0.9184802770614624,False,0
zero-shot,train_crosswalk_42365261N_71051766W_jpeg.rf.df3af71f0eb10a81f2899030a17d01af,coords-in-name,train,text__fused__road+car+crosswalk__neg-sidewalk+grass+building+tree__t0.15_c0.5_fill25,text,fused,road+car+crosswalk,sidewalk+grass+building+tree,positive,0.15,25.0,0.5586452698424186,0.30625374476059386,0.2602279095834112,0.3720588235294118,0.4103869899022158,0.17749786376953125,0.23330211639404297,9,0.9478739500045776,0.9997040629386902,False,0
zero-shot,train_crosswalk_42334506N_71088146W_jpeg.rf.16bfcc7777ea91a4b5f96daa0ac1aef1,coords-in-name,train,text__fused__road+car+crosswalk__neg-sidewalk+grass+building+tree__t0.15_c0.5_fill25,text,fused,road+car+crosswalk,sidewalk+grass+building+tree,positive,0.15,25.0,0.6074262101064359,0.37265625475706526,0.26327011558747615,0.6375534188034188,0.4460001115523286,0.20794105529785156,0.17675399780273438,4,0.9384636878967285,0.9905874133110046,False,0
zero-shot,train_crosswalk_30287668N_81448314W_jpeg.rf.598734e162de47ba6c11a206c534b53e,coords-in-name,train,text__fused__road+car+crosswalk__neg-sidewalk+grass+building+tree__t0.15_c0.5_fill25,text,fused,road+car+crosswalk,sidewalk+grass+building+tree,positive,0.15,25.0,0.8691839348646907,0.27617003652077216,0.23398967692601796,0.3369019739043158,0.40336063281964696,0.7121601104736328,0.6767969131469727,12,0.8501488566398621,0.9688562154769897,False,0
zero-shot,train_crosswalk_34671094N_86539370W_jpeg.rf.b36980c11c158429c539317b184282d7,coords-in-name,train,text__fused__road+car+crosswalk__neg-sidewalk+grass+building+tree__t0.15_c0.5_fill25,text,fused,road+car+crosswalk,sidewalk+grass+building+tree,positive,0.15,25.0,0.4970437703062826,0.24872355501121413,0.14557176789955886,0.853539462978031,0.2718438218278271,0.6491765975952148,0.32854270935058594,5,0.8005312085151672,0.8705973029136658,False,0
zero-shot,train_crosswalk_41254483N_96004914W_jpeg.rf.a907c0ac1187d0c6f5ed4f41bb245726,coords-in-name,train,text__fused__road+car+crosswalk__neg-sidewalk+grass+building+tree__t0.15_c0.5_fill25,text,fused,road+car+crosswalk,sidewalk+grass+building+tree,positive,0.15,25.0,0.7683230963102655,0.5301754920719638,0.5046141763204398,0.5584646106057244,0.7343014919468558,0.27561283111572266,0.2984914779663086,4,0.6026803851127625,0.8529354333877563,False,0
zero-shot,train_crosswalk_33692517N_117790999W_jpeg.rf.12de9993ebdba121d92cb015d8fb1100,coords-in-name,train,text__fused__road+car+crosswalk__neg-sidewalk+grass+building+tree__t0.15_c0.5_fill25,text,fused,road+car+crosswalk,sidewalk+grass+building+tree,positive,0.15,25.0,0.8139745916515426,0.6473708793234839,0.4855305466237942,0.9710467706013363,0.679321302131546,0.20252132415771484,0.19210243225097656,3,0.8403909802436829,0.9489172697067261,False,0
zero-shot,train_crosswalk_42330843N_71104380W_jpeg.rf.35cc73e2bb28d354b23805683cf8f459,coords-in-name,train,text__fused__road+car+crosswalk__neg-sidewalk+grass+building+tree__t0.15_c0.5_fill25,text,fused,road+car+crosswalk,sidewalk+grass+building+tree,positive,0.15,25.0,0.8572571063852693,0.7607240903233962,0.7134475475240554,0.8147108366086468,0.818835926106243,0.22398853302001953,0.23667526245117188,11,0.9444556832313538,0.9994296431541443,False,0
zero-shot,train_crosswalk_42378074N_71034527W_jpeg.rf.2759f346ac0ee08978276a820c1116d8,coords-in-name,train,text__fused__road+car+crosswalk__neg-sidewalk+grass+building+tree__t0.15_c0.5_fill25,text,fused,road+car+crosswalk,sidewalk+grass+building+tree,positive,0.15,25.0,0.7546186674653015,0.4491922697441083,0.4069797953293099,0.5011747695644316,0.594064574077907,0.34508609771728516,0.3700904846191406,25,0.9446465969085693,0.9996316432952881,False,0
zero-shot,train_crosswalk_33704213N_117720477W_jpeg.rf.a89a610c44987f48006be9edb5d08a07,coords-in-name,train,text__fused__road+car+crosswalk__neg-sidewalk+grass+building+tree__t0.15_c0.5_fill25,text,fused,road+car+crosswalk,sidewalk+grass+building+tree,positive,0.15,25.0,0.8752950015893963,0.7171419456022516,0.6692053820766692,0.7724759965085831,0.8279619302975735,0.17998218536376953,0.19134044647216797,2,0.6149747967720032,0.7704647779464722,False,0
zero-shot,train_crosswalk_39731279N_105049863W_jpeg.rf.0055988fa9f91862076e36e3aad915b2,coords-in-name,train,text__fused__road+car+crosswalk__neg-sidewalk+grass+building+tree__t0.15_c0.5_fill25,text,fused,road+car+crosswalk,sidewalk+grass+building+tree,positive,0.15,25.0,0.722144475955763,0.27211366214031063,0.22230889235569423,0.3506773399014778,0.5876019651519012,0.2782421112060547,0.3848381042480469,2,0.8230783939361572,0.9416541457176208,False,0
zero-shot,train_crosswalk_30198495N_81792068W_jpeg.rf.1430be45521ba241f3e31e17b2f17f62,coords-in-name,train,text__fused__road+car+crosswalk__neg-sidewalk+grass+building+tree__t0.15_c0.5_fill25,text,fused,road+car+crosswalk,sidewalk+grass+building+tree,positive,0.15,25.0,0.7058670874490531,0.6621909467984235,0.5729907053034445,0.7842842842842843,0.7426375860815712,0.3601799011230469,0.34192752838134766,2,0.6889668107032776,0.8311430811882019,False,0
zero-shot,train_crosswalk_39752152N_104998833W_jpeg.rf.55b4d42db710c9ac4610022281701ce5,coords-in-name,train,text__fused__road+car+crosswalk__neg-sidewalk+grass+building+tree__t0.15_c0.5_fill25,text,fused,road+car+crosswalk,sidewalk+grass+building+tree,positive,0.15,25.0,0.18414592898939297,0.23063601591282323,0.2657608695652174,0.20371198568872986,0.3694046706062652,0.1219015121459961,0.6560468673706055,12,0.9460448026657104,0.9985895752906799,False,0
zero-shot,train_crosswalk_42342842N_71085020W_jpeg.rf.90c77c820a3e0035f3c9f61ddd0cb540,coords-in-name,train,text__fused__road+car+crosswalk__neg-sidewalk+grass+building+tree__t0.15_c0.5_fill25,text,fused,road+car+crosswalk,sidewalk+grass+building+tree,positive,0.15,25.0,0.8095465950336386,0.4224696370706824,0.32428033770725256,0.6059443911792906,0.5601400558499695,0.5484333038330078,0.5912361145019531,24,0.9525549411773682,0.9992445707321167,False,0
