config,source,has_boxes,n,iou_mean,bf1_mean
box__fused__boxes__neg-sidewalk+grass+building__t0.3_c0.5,coords-in-name,False,159,0.6532850815481708,0.3547425732935378
text+box__fused__road__neg-sidewalk+grass+building__t0.3_c0.5,coords-in-name,False,159,0.6532850815481708,0.3547425732935378
text__fused__road__neg-sidewalk+grass+building__t0.3_c0.5,coords-in-name,False,159,0.6532850815481708,0.3547425732935378
box__semantic__boxes__neg-sidewalk+grass+building__t0.3_c0.5,coords-in-name,False,159,0.6530093889107589,0.3547323180882089
text+box__semantic__road__neg-sidewalk+grass+building__t0.3_c0.5,coords-in-name,False,159,0.6530093889107589,0.3547323180882089
text__semantic__road__neg-sidewalk+grass+building__t0.3_c0.5,coords-in-name,False,159,0.6530093889107589,0.3547323180882089
box__fused__boxes__t0.3_c0.5,coords-in-name,False,159,0.6534300573626559,0.3546761462444395
text+box__fused__road__t0.3_c0.5,coords-in-name,False,159,0.6534300573626559,0.3546761462444395
text__fused__road__t0.3_c0.5,coords-in-name,False,159,0.6534300573626559,0.3546761462444395
box__semantic__boxes__t0.3_c0.5,coords-in-name,False,159,0.6532130249596553,0.3544498759971068
text+box__semantic__road__t0.3_c0.5,coords-in-name,False,159,0.6532130249596553,0.3544498759971068
text__semantic__road__t0.3_c0.5,coords-in-name,False,159,0.6532130249596553,0.3544498759971068
text+box__fused__asphalt-road__t0.3_c0.5,coords-in-name,False,159,0.6333972822222906,0.32956376575649654
text__fused__asphalt-road__t0.3_c0.5,coords-in-name,False,159,0.6333972822222906,0.32956376575649654
text+box__fused__asphalt-road__neg-sidewalk+grass+building__t0.3_c0.5,coords-in-name,False,159,0.632168914875352,0.3290796212495127
text__fused__asphalt-road__neg-sidewalk+grass+building__t0.3_c0.5,coords-in-name,False,159,0.632168914875352,0.3290796212495127
text+box__semantic__asphalt-road__t0.3_c0.5,coords-in-name,False,159,0.6319273638226159,0.3280055686861034
text__semantic__asphalt-road__t0.3_c0.5,coords-in-name,False,159,0.6319273638226159,0.3280055686861034
text+box__semantic__asphalt-road__neg-sidewalk+grass+building__t0.3_c0.5,coords-in-name,False,159,0.6307461748723899,0.327859970477676
text__semantic__asphalt-road__neg-sidewalk+grass+building__t0.3_c0.5,coords-in-name,False,159,0.6307461748723899,0.327859970477676
text+box__semantic__roadway__neg-sidewalk+grass+building__t0.3_c0.5,coords-in-name,False,159,0.6075797843449594,0.3140370297736809
text__semantic__roadway__neg-sidewalk+grass+building__t0.3_c0.5,coords-in-name,False,159,0.6075797843449594,0.3140370297736809
text+box__fused__roadway__t0.3_c0.5,coords-in-name,False,159,0.6068289479091195,0.31359966749291773
text__fused__roadway__t0.3_c0.5,coords-in-name,False,159,0.6068289479091195,0.31359966749291773
text+box__semantic__roadway__t0.3_c0.5,coords-in-name,False,159,0.606807984751694,0.31334747615975694
text__semantic__roadway__t0.3_c0.5,coords-in-name,False,159,0.606807984751694,0.31334747615975694
text+box__fused__roadway__neg-sidewalk+grass+building__t0.3_c0.5,coords-in-name,False,159,0.6077513476517493,0.31332353879650143
text__fused__roadway__neg-sidewalk+grass+building__t0.3_c0.5,coords-in-name,False,159,0.6077513476517493,0.31332353879650143
text+box__semantic__street__neg-sidewalk+grass+building__t0.3_c0.5,coords-in-name,False,159,0.5963092510519951,0.3088366183365211
text__semantic__street__neg-sidewalk+grass+building__t0.3_c0.5,coords-in-name,False,159,0.5963092510519951,0.3088366183365211
text+box__fused__street__neg-sidewalk+grass+building__t0.3_c0.5,coords-in-name,False,159,0.5963648627877268,0.30869479700973895
text__fused__street__neg-sidewalk+grass+building__t0.3_c0.5,coords-in-name,False,159,0.5963648627877268,0.30869479700973895
text+box__fused__street__t0.3_c0.5,coords-in-name,False,159,0.5948315825216687,0.304494302356913
text__fused__street__t0.3_c0.5,coords-in-name,False,159,0.5948315825216687,0.304494302356913
text+box__semantic__street__t0.3_c0.5,coords-in-name,False,159,0.5948318569828429,0.3044921495916598
text__semantic__street__t0.3_c0.5,coords-in-name,False,159,0.5948318569828429,0.3044921495916598
box__instance__boxes__t0.3_c0.5,coords-in-name,False,159,0.5074923955081136,0.217930291759624
text+box__instance__road__t0.3_c0.5,coords-in-name,False,159,0.5074923955081136,0.217930291759624
text__instance__road__t0.3_c0.5,coords-in-name,False,159,0.5074923955081136,0.217930291759624
text+box__instance__asphalt-road__t0.3_c0.5,coords-in-name,False,159,0.4820833724380751,0.20798052087820304
text__instance__asphalt-road__t0.3_c0.5,coords-in-name,False,159,0.4820833724380751,0.20798052087820304
text+box__instance__roadway__t0.3_c0.5,coords-in-name,False,159,0.3669506204824171,0.15452751377558807
text__instance__roadway__t0.3_c0.5,coords-in-name,False,159,0.3669506204824171,0.15452751377558807
text+box__instance__street__t0.3_c0.5,coords-in-name,False,159,0.24971326752005715,0.10843050953739572
text__instance__street__t0.3_c0.5,coords-in-name,False,159,0.24971326752005715,0.10843050953739572
text__fused__road__t0.3_c0.5,coords-in-name,True,6,0.5323397299360942,0.3439888785979807
text__semantic__road__t0.3_c0.5,coords-in-name,True,6,0.5323397299360942,0.3439888785979807
text__fused__street__t0.3_c0.5,coords-in-name,True,6,0.5885312980987808,0.3396915997521121
text__semantic__street__t0.3_c0.5,coords-in-name,True,6,0.5885312980987808,0.3396915997521121
text__fused__road__neg-sidewalk+grass+building__t0.3_c0.5,coords-in-name,True,6,0.530704893520583,0.3393922963855367
text__semantic__road__neg-sidewalk+grass+building__t0.3_c0.5,coords-in-name,True,6,0.530704893520583,0.3393922963855367
text__semantic__street__neg-sidewalk+grass+building__t0.3_c0.5,coords-in-name,True,6,0.588152839403067,0.3388757388140145
text__fused__street__neg-sidewalk+grass+building__t0.3_c0.5,coords-in-name,True,6,0.5881526570496657,0.33886324693234265
text__fused__roadway__t0.3_c0.5,coords-in-name,True,6,0.5084134546075904,0.33653347901911074
text__semantic__roadway__t0.3_c0.5,coords-in-name,True,6,0.5084134546075904,0.33653347901911074
text__fused__roadway__neg-sidewalk+grass+building__t0.3_c0.5,coords-in-name,True,6,0.5063250612165724,0.33051520942189855
text__semantic__roadway__neg-sidewalk+grass+building__t0.3_c0.5,coords-in-name,True,6,0.5063250612165724,0.33051520942189855
text__fused__asphalt-road__t0.3_c0.5,coords-in-name,True,6,0.4874221025339966,0.30155102452940014
text__fused__asphalt-road__neg-sidewalk+grass+building__t0.3_c0.5,coords-in-name,True,6,0.48728867778944857,0.301193586880349
text__semantic__asphalt-road__t0.3_c0.5,coords-in-name,True,6,0.48764492525790376,0.30026885201247416
text__semantic__asphalt-road__neg-sidewalk+grass+building__t0.3_c0.5,coords-in-name,True,6,0.4875113335356529,0.29991091564876965
text__instance__road__t0.3_c0.5,coords-in-name,True,6,0.471210693270804,0.2670984503765665
text+box__fused__roadway__neg-sidewalk+grass+building__t0.3_c0.5,coords-in-name,True,6,0.47546400211584555,0.2520768552726103
text+box__fused__roadway__t0.3_c0.5,coords-in-name,True,6,0.476174021518555,0.2519194603582753
text+box__semantic__roadway__neg-sidewalk+grass+building__t0.3_c0.5,coords-in-name,True,6,0.4746770442656912,0.2516188123055499
text+box__semantic__roadway__t0.3_c0.5,coords-in-name,True,6,0.4753871493195299,0.2514631833982988
text+box__semantic__road__t0.3_c0.5,coords-in-name,True,6,0.47735979825828695,0.2511323595995038
text+box__fused__road__t0.3_c0.5,coords-in-name,True,6,0.4790658442858349,0.2506322269579338
text+box__semantic__road__neg-sidewalk+grass+building__t0.3_c0.5,coords-in-name,True,6,0.47633908664515073,0.24776817298357937
text+box__fused__road__neg-sidewalk+grass+building__t0.3_c0.5,coords-in-name,True,6,0.4780451539891469,0.24726804034200936
text__instance__asphalt-road__t0.3_c0.5,coords-in-name,True,6,0.3677401356414915,0.2436669569198424
text+box__fused__street__neg-sidewalk+grass+building__t0.3_c0.5,coords-in-name,True,6,0.44128092582733625,0.21733916804348088
text+box__semantic__street__neg-sidewalk+grass+building__t0.3_c0.5,coords-in-name,True,6,0.4405547872264401,0.2161037348380025
text+box__fused__street__t0.3_c0.5,coords-in-name,True,6,0.4414979404356745,0.21332022773143633
text+box__semantic__street__t0.3_c0.5,coords-in-name,True,6,0.4407719234466822,0.2120998302492938
text+box__fused__asphalt-road__t0.3_c0.5,coords-in-name,True,6,0.37973077228272706,0.19732575170428904
box__fused__boxes__t0.3_c0.5,coords-in-name,True,6,0.45419251900082386,0.196571567535856
box__semantic__boxes__t0.3_c0.5,coords-in-name,True,6,0.4539529309562265,0.19641538117612464
text+box__fused__asphalt-road__neg-sidewalk+grass+building__t0.3_c0.5,coords-in-name,True,6,0.37882068004043684,0.19310427355235146
box__fused__boxes__neg-sidewalk+grass+building__t0.3_c0.5,coords-in-name,True,6,0.45366480483947785,0.19240067247136586
box__semantic__boxes__neg-sidewalk+grass+building__t0.3_c0.5,coords-in-name,True,6,0.45342493709984616,0.19223542605529728
text+box__semantic__asphalt-road__t0.3_c0.5,coords-in-name,True,6,0.3767203603081106,0.19218020033256855
text+box__semantic__asphalt-road__neg-sidewalk+grass+building__t0.3_c0.5,coords-in-name,True,6,0.37581619191803967,0.1879618902524156
text__instance__roadway__t0.3_c0.5,coords-in-name,True,6,0.28373283026697005,0.1711447494187781
text+box__instance__street__t0.3_c0.5,coords-in-name,True,6,0.20105733562116623,0.11929277128400718
text+box__instance__roadway__t0.3_c0.5,coords-in-name,True,6,0.1511755400250972,0.11821074207633564
text__instance__street__t0.3_c0.5,coords-in-name,True,6,0.16387782051166672,0.10545549416007431
text+box__instance__asphalt-road__t0.3_c0.5,coords-in-name,True,6,0.13248584041308012,0.10293899577074357
text+box__instance__road__t0.3_c0.5,coords-in-name,True,6,0.1647088438666228,0.09204600268926298
box__instance__boxes__t0.3_c0.5,coords-in-name,True,6,0.15443057583688147,0.07908460362021964
text+box__fused__roadway__neg-sidewalk+grass+building__t0.3_c0.5,esri,False,10,0.6288529593543528,0.46556833741666165
text__fused__roadway__neg-sidewalk+grass+building__t0.3_c0.5,esri,False,10,0.6288529593543528,0.46556833741666165
text+box__semantic__roadway__neg-sidewalk+grass+building__t0.3_c0.5,esri,False,10,0.6287686122886551,0.46523343322475064
text__semantic__roadway__neg-sidewalk+grass+building__t0.3_c0.5,esri,False,10,0.6287686122886551,0.46523343322475064
text+box__fused__street__neg-sidewalk+grass+building__t0.3_c0.5,esri,False,10,0.6393948683162083,0.4637285568868009
text__fused__street__neg-sidewalk+grass+building__t0.3_c0.5,esri,False,10,0.6393948683162083,0.4637285568868009
box__fused__boxes__neg-sidewalk+grass+building__t0.3_c0.5,esri,False,10,0.620025380441211,0.46192980332425415
text+box__fused__road__neg-sidewalk+grass+building__t0.3_c0.5,esri,False,10,0.620025380441211,0.46192980332425415
text__fused__road__neg-sidewalk+grass+building__t0.3_c0.5,esri,False,10,0.620025380441211,0.46192980332425415
box__semantic__boxes__neg-sidewalk+grass+building__t0.3_c0.5,esri,False,10,0.6197461628171435,0.4616180295099771
text+box__semantic__road__neg-sidewalk+grass+building__t0.3_c0.5,esri,False,10,0.6197461628171435,0.4616180295099771
text__semantic__road__neg-sidewalk+grass+building__t0.3_c0.5,esri,False,10,0.6197461628171435,0.4616180295099771
text+box__semantic__street__neg-sidewalk+grass+building__t0.3_c0.5,esri,False,10,0.6381863055560284,0.45947971125574333
text__semantic__street__neg-sidewalk+grass+building__t0.3_c0.5,esri,False,10,0.6381863055560284,0.45947971125574333
box__semantic__boxes__t0.3_c0.5,esri,False,10,0.6094927606901346,0.4488221089806255
text+box__semantic__road__t0.3_c0.5,esri,False,10,0.6094927606901346,0.4488221089806255
text__semantic__road__t0.3_c0.5,esri,False,10,0.6094927606901346,0.4488221089806255
box__fused__boxes__t0.3_c0.5,esri,False,10,0.6097638321575098,0.44874667883593344
text+box__fused__road__t0.3_c0.5,esri,False,10,0.6097638321575098,0.44874667883593344
text__fused__road__t0.3_c0.5,esri,False,10,0.6097638321575098,0.44874667883593344
text+box__fused__roadway__t0.3_c0.5,esri,False,10,0.6076462437347417,0.44449605821125465
text__fused__roadway__t0.3_c0.5,esri,False,10,0.6076462437347417,0.44449605821125465
text+box__semantic__roadway__t0.3_c0.5,esri,False,10,0.6075858854424058,0.44445753006536365
text__semantic__roadway__t0.3_c0.5,esri,False,10,0.6075858854424058,0.44445753006536365
text+box__fused__asphalt-road__neg-sidewalk+grass+building__t0.3_c0.5,esri,False,10,0.6105611233214775,0.4419089292146744
text__fused__asphalt-road__neg-sidewalk+grass+building__t0.3_c0.5,esri,False,10,0.6105611233214775,0.4419089292146744
text+box__semantic__asphalt-road__neg-sidewalk+grass+building__t0.3_c0.5,esri,False,10,0.6110325144903349,0.4403789178030565
text__semantic__asphalt-road__neg-sidewalk+grass+building__t0.3_c0.5,esri,False,10,0.6110325144903349,0.4403789178030565
text+box__fused__asphalt-road__t0.3_c0.5,esri,False,10,0.5989079733369151,0.4269526379480239
text__fused__asphalt-road__t0.3_c0.5,esri,False,10,0.5989079733369151,0.4269526379480239
text+box__semantic__asphalt-road__t0.3_c0.5,esri,False,10,0.5994148149229546,0.4256851909419531
text__semantic__asphalt-road__t0.3_c0.5,esri,False,10,0.5994148149229546,0.4256851909419531
text+box__fused__street__t0.3_c0.5,esri,False,10,0.5982182594743793,0.4082016851076788
text+box__semantic__street__t0.3_c0.5,esri,False,10,0.5982182594743793,0.4082016851076788
text__fused__street__t0.3_c0.5,esri,False,10,0.5982182594743793,0.4082016851076788
text__semantic__street__t0.3_c0.5,esri,False,10,0.5982182594743793,0.4082016851076788
box__instance__boxes__t0.3_c0.5,esri,False,10,0.51169493868616,0.35397867918121156
text+box__instance__road__t0.3_c0.5,esri,False,10,0.51169493868616,0.35397867918121156
text__instance__road__t0.3_c0.5,esri,False,10,0.51169493868616,0.35397867918121156
text+box__instance__roadway__t0.3_c0.5,esri,False,10,0.4608212082386619,0.32739039018965477
text__instance__roadway__t0.3_c0.5,esri,False,10,0.4608212082386619,0.32739039018965477
text+box__instance__asphalt-road__t0.3_c0.5,esri,False,10,0.4524365586599789,0.32606452991070967
text__instance__asphalt-road__t0.3_c0.5,esri,False,10,0.4524365586599789,0.32606452991070967
text+box__instance__street__t0.3_c0.5,esri,False,10,0.30261655119312636,0.20928332427153803
text__instance__street__t0.3_c0.5,esri,False,10,0.30261655119312636,0.20928332427153803
text+box__fused__street__t0.3_c0.5,other,False,28,0.6026240408316738,0.2639786239796619
text__fused__street__t0.3_c0.5,other,False,28,0.6026240408316738,0.2639786239796619
text+box__semantic__street__t0.3_c0.5,other,False,28,0.6025924277830326,0.26386528469172016
text__semantic__street__t0.3_c0.5,other,False,28,0.6025924277830326,0.26386528469172016
text+box__fused__street__neg-sidewalk+grass+building__t0.3_c0.5,other,False,28,0.6057795965931524,0.26146911917413507
text__fused__street__neg-sidewalk+grass+building__t0.3_c0.5,other,False,28,0.6057795965931524,0.26146911917413507
text+box__semantic__street__neg-sidewalk+grass+building__t0.3_c0.5,other,False,28,0.6057880364240297,0.2613187421765341
text__semantic__street__neg-sidewalk+grass+building__t0.3_c0.5,other,False,28,0.6057880364240297,0.2613187421765341
box__fused__boxes__t0.3_c0.5,other,False,28,0.5962878077044461,0.25246801379759554
text+box__fused__road__t0.3_c0.5,other,False,28,0.5962878077044461,0.25246801379759554
text__fused__road__t0.3_c0.5,other,False,28,0.5962878077044461,0.25246801379759554
box__semantic__boxes__t0.3_c0.5,other,False,28,0.5895628812798579,0.2522671494734154
text+box__semantic__road__t0.3_c0.5,other,False,28,0.5895628812798579,0.2522671494734154
text__semantic__road__t0.3_c0.5,other,False,28,0.5895628812798579,0.2522671494734154
box__semantic__boxes__neg-sidewalk+grass+building__t0.3_c0.5,other,False,28,0.5852753525703867,0.24740263234698165
text+box__semantic__road__neg-sidewalk+grass+building__t0.3_c0.5,other,False,28,0.5852753525703867,0.24740263234698165
text__semantic__road__neg-sidewalk+grass+building__t0.3_c0.5,other,False,28,0.5852753525703867,0.24740263234698165
box__fused__boxes__neg-sidewalk+grass+building__t0.3_c0.5,other,False,28,0.5919856568783545,0.247328934049899
text+box__fused__road__neg-sidewalk+grass+building__t0.3_c0.5,other,False,28,0.5919856568783545,0.247328934049899
text__fused__road__neg-sidewalk+grass+building__t0.3_c0.5,other,False,28,0.5919856568783545,0.247328934049899
text+box__fused__asphalt-road__neg-sidewalk+grass+building__t0.3_c0.5,other,False,28,0.5548146011601102,0.23193356139850504
text__fused__asphalt-road__neg-sidewalk+grass+building__t0.3_c0.5,other,False,28,0.5548146011601102,0.23193356139850504
text+box__fused__asphalt-road__t0.3_c0.5,other,False,28,0.5572272701018975,0.23189781759988928
text__fused__asphalt-road__t0.3_c0.5,other,False,28,0.5572272701018975,0.23189781759988928
text+box__semantic__asphalt-road__t0.3_c0.5,other,False,28,0.5570912784530183,0.23000350406633524
text__semantic__asphalt-road__t0.3_c0.5,other,False,28,0.5570912784530183,0.23000350406633524
text+box__semantic__asphalt-road__neg-sidewalk+grass+building__t0.3_c0.5,other,False,28,0.5546515132595659,0.22997713255767446
text__semantic__asphalt-road__neg-sidewalk+grass+building__t0.3_c0.5,other,False,28,0.5546515132595659,0.22997713255767446
text+box__fused__roadway__t0.3_c0.5,other,False,28,0.5176829736422484,0.20488250182133808
text+box__semantic__roadway__t0.3_c0.5,other,False,28,0.5176785159815537,0.20488250182133808
text__fused__roadway__t0.3_c0.5,other,False,28,0.5176829736422484,0.20488250182133808
text__semantic__roadway__t0.3_c0.5,other,False,28,0.5176785159815537,0.20488250182133808
text+box__fused__roadway__neg-sidewalk+grass+building__t0.3_c0.5,other,False,28,0.5162719100554188,0.20157938949926132
text__fused__roadway__neg-sidewalk+grass+building__t0.3_c0.5,other,False,28,0.5162719100554188,0.20157938949926132
text+box__semantic__roadway__neg-sidewalk+grass+building__t0.3_c0.5,other,False,28,0.5162703766470419,0.2015770556442026
text__semantic__roadway__neg-sidewalk+grass+building__t0.3_c0.5,other,False,28,0.5162703766470419,0.2015770556442026
box__instance__boxes__t0.3_c0.5,other,False,28,0.46538272569985784,0.17020696249454417
text+box__instance__road__t0.3_c0.5,other,False,28,0.46538272569985784,0.17020696249454417
text__instance__road__t0.3_c0.5,other,False,28,0.46538272569985784,0.17020696249454417
text+box__instance__asphalt-road__t0.3_c0.5,other,False,28,0.43938864166747266,0.16199104390468091
text__instance__asphalt-road__t0.3_c0.5,other,False,28,0.43938864166747266,0.16199104390468091
text+box__instance__street__t0.3_c0.5,other,False,28,0.37806964814416866,0.13577421410152368
text__instance__street__t0.3_c0.5,other,False,28,0.37806964814416866,0.13577421410152368
text+box__instance__roadway__t0.3_c0.5,other,False,28,0.256653640320543,0.09235280138450962
text__instance__roadway__t0.3_c0.5,other,False,28,0.256653640320543,0.09235280138450962
text+box__semantic__street__neg-sidewalk+grass+building__t0.3_c0.5,screenshot,False,5,0.8027956143545101,0.4713204071966941
text__semantic__street__neg-sidewalk+grass+building__t0.3_c0.5,screenshot,False,5,0.8027956143545101,0.4713204071966941
text+box__fused__street__neg-sidewalk+grass+building__t0.3_c0.5,screenshot,False,5,0.8073364775922279,0.4693015639073428
text__fused__street__neg-sidewalk+grass+building__t0.3_c0.5,screenshot,False,5,0.8073364775922279,0.4693015639073428
box__semantic__boxes__neg-sidewalk+grass+building__t0.3_c0.5,screenshot,False,5,0.774053459817557,0.45234458969162966
text+box__semantic__road__neg-sidewalk+grass+building__t0.3_c0.5,screenshot,False,5,0.774053459817557,0.45234458969162966
text__semantic__road__neg-sidewalk+grass+building__t0.3_c0.5,screenshot,False,5,0.774053459817557,0.45234458969162966
box__fused__boxes__neg-sidewalk+grass+building__t0.3_c0.5,screenshot,False,5,0.7740258166245678,0.45231014818977966
text+box__fused__road__neg-sidewalk+grass+building__t0.3_c0.5,screenshot,False,5,0.7740258166245678,0.45231014818977966
text__fused__road__neg-sidewalk+grass+building__t0.3_c0.5,screenshot,False,5,0.7740258166245678,0.45231014818977966
box__fused__boxes__t0.3_c0.5,screenshot,False,5,0.7632513633662256,0.4365949422152912
box__semantic__boxes__t0.3_c0.5,screenshot,False,5,0.7632513633662256,0.4365949422152912
text+box__fused__road__t0.3_c0.5,screenshot,False,5,0.7632513633662256,0.4365949422152912
text+box__semantic__road__t0.3_c0.5,screenshot,False,5,0.7632513633662256,0.4365949422152912
text__fused__road__t0.3_c0.5,screenshot,False,5,0.7632513633662256,0.4365949422152912
text__semantic__road__t0.3_c0.5,screenshot,False,5,0.7632513633662256,0.4365949422152912
text+box__semantic__roadway__neg-sidewalk+grass+building__t0.3_c0.5,screenshot,False,5,0.7086185645612849,0.41659956816106847
text__semantic__roadway__neg-sidewalk+grass+building__t0.3_c0.5,screenshot,False,5,0.7086185645612849,0.41659956816106847
text+box__fused__roadway__neg-sidewalk+grass+building__t0.3_c0.5,screenshot,False,5,0.7085912984885679,0.416551644284907
text__fused__roadway__neg-sidewalk+grass+building__t0.3_c0.5,screenshot,False,5,0.7085912984885679,0.416551644284907
text+box__fused__roadway__t0.3_c0.5,screenshot,False,5,0.7028627888091131,0.40051944289427255
text+box__semantic__roadway__t0.3_c0.5,screenshot,False,5,0.7028627888091131,0.40051944289427255
text__fused__roadway__t0.3_c0.5,screenshot,False,5,0.7028627888091131,0.40051944289427255
text__semantic__roadway__t0.3_c0.5,screenshot,False,5,0.7028627888091131,0.40051944289427255
text+box__semantic__asphalt-road__neg-sidewalk+grass+building__t0.3_c0.5,screenshot,False,5,0.6766955930448895,0.39777085848833565
text__semantic__asphalt-road__neg-sidewalk+grass+building__t0.3_c0.5,screenshot,False,5,0.6766955930448895,0.39777085848833565
text+box__fused__asphalt-road__neg-sidewalk+grass+building__t0.3_c0.5,screenshot,False,5,0.6766828648297929,0.39776379221641145
text__fused__asphalt-road__neg-sidewalk+grass+building__t0.3_c0.5,screenshot,False,5,0.6766828648297929,0.39776379221641145
text+box__fused__asphalt-road__t0.3_c0.5,screenshot,False,5,0.671145706124024,0.3864608326022744
text+box__semantic__asphalt-road__t0.3_c0.5,screenshot,False,5,0.671145706124024,0.3864608326022744
text__fused__asphalt-road__t0.3_c0.5,screenshot,False,5,0.671145706124024,0.3864608326022744
text__semantic__asphalt-road__t0.3_c0.5,screenshot,False,5,0.671145706124024,0.3864608326022744
text+box__fused__street__t0.3_c0.5,screenshot,False,5,0.7368731853663035,0.3642125682796309
text+box__semantic__street__t0.3_c0.5,screenshot,False,5,0.7368731853663035,0.3642125682796309
text__fused__street__t0.3_c0.5,screenshot,False,5,0.7368731853663035,0.3642125682796309
text__semantic__street__t0.3_c0.5,screenshot,False,5,0.7368731853663035,0.3642125682796309
box__instance__boxes__t0.3_c0.5,screenshot,False,5,0.4692144698928654,0.22067664632526282
text+box__instance__road__t0.3_c0.5,screenshot,False,5,0.4692144698928654,0.22067664632526282
text__instance__road__t0.3_c0.5,screenshot,False,5,0.4692144698928654,0.22067664632526282
text+box__instance__asphalt-road__t0.3_c0.5,screenshot,False,5,0.3194474467194683,0.17207866368500033
text__instance__asphalt-road__t0.3_c0.5,screenshot,False,5,0.3194474467194683,0.17207866368500033
text+box__instance__street__t0.3_c0.5,screenshot,False,5,0.12062234621457149,0.06914727939123042
text__instance__street__t0.3_c0.5,screenshot,False,5,0.12062234621457149,0.06914727939123042
text+box__instance__roadway__t0.3_c0.5,screenshot,False,5,0.1187300806246194,0.067554535909887
text__instance__roadway__t0.3_c0.5,screenshot,False,5,0.1187300806246194,0.067554535909887
