id,lat,lon,geography,name,tile_offset,dist_to_osm_crossing_ft
42019271N_87664576W,42.019271,-87.664576,chicago,Rogers Park,0.731444773322437,25.301939233450657
41957541N_87751800W,41.957541,-87.7518,chicago,Portage Park,0.6428799999994226,29.86246189320643
41754665N_87620657W,41.754665,-87.620657,chicago,Greater Grand Crossing,0.6612067555543035,28.171800775090688
41814833N_87616736W,41.814833,-87.616736,chicago,Grand Boulevard,0.9726090673357248,27.11284908279511
41957470N_87715480W,41.95747,-87.71548,chicago,Irving Park,0.9124946051742882,28.285922018568147
41928673N_87756926W,41.928673,-87.756926000000007,chicago,Belmont Cragin,0.42656284442637116,26.247766707731387
41845758N_87655449W,41.845758,-87.655449,chicago,Bridgeport,0.08580504858400673,30.21162241449002
41930603N_87749031W,41.930603,-87.749031,chicago,Belmont Cragin,0.5775829333579168,26.765325799928977
41884192N_87663382W,41.884192,-87.663382,chicago,Near West Side,0.8932110222522169,48.23276630473511
41726337N_87558077W,41.726337,-87.558077,chicago,Calumet Heights,0.5841622003354132,34.25610994826185
41844307N_87628081W,41.844307,-87.628081,chicago,Douglas,0.2851740444311872,25.872485401744267
41935122N_87727078W,41.935122,-87.727078,chicago,Avondale,0.634835911099799,31.91701468413182
41935542N_87646634W,41.935542,-87.646634,chicago,Lake View,0.7858104665065184,24.16509448681242
41778779N_87676332W,41.778779,-87.676332,chicago,West Englewood,0.8263978666509502,26.819675718647947
41666504N_87636718W,41.666504,-87.636718,chicago,West Pullman,0.5577400889014825,29.390872089978895
41855675N_87643742W,41.855675,-87.643742,chicago,Lower West Side,0.6924339079996571,54.09391040438439
41984697N_87696779W,41.984697,-87.696779,chicago,West Ridge,0.3826019555563107,35.40411592196876
41750889N_87584689W,41.750889,-87.584689,chicago,South Chicago,0.7467567757703364,51.50165768853748
41762216N_87606118W,41.762216,-87.606118,chicago,Greater Grand Crossing,0.5200683661969379,25.98724993770567
41858743N_87734115W,41.858743,-87.734115,chicago,North Lawndale,0.8684159999829717,29.273207889419407
41887440N_87663254W,41.88744,-87.663254,chicago,Near West Side,0.9429464590502903,27.52209881006986
41695427N_87652204W,41.695427,-87.652204,chicago,Morgan Park,0.8123853140277788,31.5502682358908
41904854N_87731272W,41.904854,-87.731272,chicago,Humboldt Park,0.915034375153482,25.507542318973087
41697245N_87524619W,41.697245,-87.524619,chicago,East Side,0.9302570666768588,15.103125671983214
41997232N_87720292W,41.997232,-87.720292,chicago,North Park,0.8768253044690937,27.476906308292026
41975324N_87748630W,41.975324,-87.74863,chicago,Forest Glen,0.9717444599955343,27.775918884111437
41778821N_87667878W,41.778821,-87.667878,chicago,West Englewood,0.32887917943298817,26.214984499357
41818435N_87617711W,41.818435,-87.617711,chicago,Grand Boulevard,0.8952813912183046,24.39104749137925
41953066N_87690810W,41.953066,-87.69081,chicago,North Center,0.9966293333563954,17.190150466220192
41975125N_87842769W,41.975125,-87.842769,chicago,O'Hare,0.39070293330587447,24.34183729582715
41968087N_87742836W,41.968087,-87.742836,chicago,Irving Park,0.6758759163785726,29.84978648722657
41857686N_87637765W,41.857686,-87.637765,chicago,Lower West Side,0.5567386476323009,28.736850044118754
41931059N_87655749W,41.931059,-87.655749,chicago,Lincoln Park,0.8740650666877627,8.745259062433135
41774376N_87765457W,41.774376,-87.765457,chicago,Clearing,0.9677894818014465,17.970195353599422
41704353N_87701797W,41.704353,-87.701797,chicago,Mount Greenwood,0.9985863111214712,28.13788070748569
41980002N_87903744W,41.980002,-87.903744,chicago,O'Hare,0.7881429333356209,16.658075300113108
41892096N_87613754W,41.892096,-87.613754,chicago,Near North Side,0.8396678653662093,38.94106432876825
41907961N_87664912W,41.907961,-87.664912,chicago,West Town,0.7552046845084988,76.42147303948867
41872904N_87643842W,41.872904,-87.643842,chicago,Near West Side,0.19241386669455096,34.37858533089769
41948208N_87726134W,41.948208,-87.726134,chicago,Irving Park,0.8125299334060401,23.97873814067597
41704540N_87684677W,41.70454,-87.684677,chicago,Beverly,0.867027911124751,26.247797737011197
41836068N_87612996W,41.836068,-87.612996,chicago,Douglas,0.34692693332908675,31.96987264883692
41983108N_87838218W,41.983108,-87.838218,chicago,O'Hare,0.4727876747492701,42.1478707491006
41977919N_87675289W,41.977919,-87.675289,chicago,Lincoln Square,0.8045337274088524,52.169195693764244
41886563N_87659345W,41.886563,-87.659345,chicago,Near West Side,0.6518257777788676,4.6654256922239465
41961287N_87693566W,41.961287,-87.693566,chicago,North Center,0.975938844436314,26.33997000505059
41702258N_87532853W,41.702258,-87.532853,chicago,East Side,0.9135203555924818,31.48758883417082
41746514N_87680394W,41.746514,-87.680394,chicago,Ashburn,0.6578304000431672,26.9567762505136
41953652N_87650621W,41.953652,-87.650621,chicago,Lake View,0.1335245034424588,24.356823082780263
41892117N_87686727W,41.892117,-87.686727,chicago,West Town,0.8959701333078556,28.702206665144438
41705490N_87613719W,41.70549,-87.613719,chicago,Roseland,0.4528170666890219,26.239600780323872
41734312N_87644701W,41.734312,-87.644701,chicago,Auburn Gresham,0.694432711112313,28.57914036764831
41725040N_87649312W,41.72504,-87.649312,chicago,Washington Heights,0.3540870417491533,27.190890832576383
41978191N_87761660W,41.978191,-87.76166,chicago,Jefferson Park,0.6377884444082156,31.179033286158923
41726984N_87640325W,41.726984,-87.640325,chicago,Washington Heights,0.05910261138342321,26.023422419911878
41934826N_87773657W,41.934826,-87.773657,chicago,Belmont Cragin,0.41072469210484996,26.488118221902106
41791848N_87590267W,41.791848,-87.590267,chicago,Hyde Park,0.783892493811436,28.816086371207863
41699138N_87542563W,41.699138,-87.542563,chicago,East Side,0.804054755542893,28.451678673112728
41911681N_87745488W,41.911681,-87.745488,chicago,Austin,0.25784746662247926,64.16498694761087
41789962N_87699181W,41.789962,-87.699181,chicago,Gage Park,0.6210659555508755,28.8694202560197
41879877N_87685025W,41.879877,-87.685025,chicago,Near West Side,0.6457375969039276,31.671343855043958
41758481N_87586394W,41.758481,-87.586394,chicago,South Shore,0.8956240742700174,38.50114272031318
41935388N_87799292W,41.935388,-87.799292,chicago,Montclare,0.9733560888562351,29.98851230801977
41708971N_87625367W,41.708971,-87.625367,chicago,Roseland,0.3800760888843797,28.174588367347337
41903483N_87657939W,41.903483,-87.657939,chicago,West Town,0.7470976000186056,34.195354822704644
41869995N_87727751W,41.869995,-87.727751,chicago,West Garfield Park,0.6982438169652596,26.85039643119785
41854873N_87732110W,41.854873,-87.73211,chicago,North Lawndale,0.7084017777815461,50.251227256153015
41874346N_87700923W,41.874346,-87.700923,chicago,East Garfield Park,0.45287680003093556,4.262465479831626
41793617N_87729307W,41.793617,-87.729307,chicago,West Elsdon,0.8727310221875086,28.471970721806432
41793839N_87681294W,41.793839,-87.681294,chicago,Gage Park,0.9944401446264237,27.026019292598363
41812204N_87669317W,41.812204,-87.669317,chicago,New City,0.7532392825232819,29.121625425506632
41869301N_87749017W,41.869301,-87.749017,chicago,Austin,0.5368049777462147,25.416479749447696
41726826N_87646406W,41.726826,-87.646406,chicago,Washington Heights,0.6757346567464992,18.406806992292573
41793271N_87595695W,41.793271,-87.595695,chicago,Hyde Park,0.7753833989263512,24.055354526782416
41783833N_87712894W,41.783833,-87.712894,chicago,West Lawn,0.6790584888658486,19.01344651314347
41746201N_87605094W,41.746201,-87.605094,chicago,Chatham,0.9510580651694909,46.45263080648948
41753447N_87574189W,41.753447,-87.574189,chicago,South Shore,0.7596339150331914,27.517033722561823
41795319N_87705456W,41.795319,-87.705456,chicago,Gage Park,0.7765817880863324,28.577324677235076
41746062N_87582363W,41.746062,-87.582363,chicago,Avalon Park,0.8781525333179161,24.53197607453107
41955185N_87752915W,41.955185,-87.752915,chicago,Portage Park,0.13772611576132476,27.558574537036662
41934664N_87785818W,41.934664,-87.785818,chicago,Belmont Cragin,0.27251342218369246,27.249231613059422
41945968N_87759384W,41.945968,-87.759384,chicago,Portage Park,0.7328810666804202,25.51355837002547
41808873N_87616302W,41.808873,-87.616302,chicago,Grand Boulevard,0.26372801803518087,19.241763195267616
41973088N_87664666W,41.973088,-87.664666,chicago,Uptown,0.8467100444249809,28.340481660531793
41999124N_87677369W,41.999124,-87.677369,chicago,Rogers Park,0.29219233721960336,37.86580196531725
41972436N_87677051W,41.972436,-87.677051,chicago,Lincoln Square,0.9206371555919759,30.252935833298558
41956136N_87669087W,41.956136,-87.669087,chicago,Lake View,0.27619413333013654,28.663665369866326
41809634N_87711723W,41.809634,-87.711723,chicago,Brighton Park,0.7100676610716619,1.242811461916438
41705652N_87635532W,41.705652,-87.635532,chicago,Roseland,0.7014798987656832,27.810398783983334
41917864N_87778564W,41.917864,-87.778564,chicago,Belmont Cragin,0.5986801777617075,33.86471273370613
41893593N_87694180W,41.893593,-87.69418,chicago,West Town,0.9821206473279744,30.442851553696812
41867395N_87735027W,41.867395,-87.735027,chicago,North Lawndale,0.5286591754993424,25.82582070336835
41742919N_87545433W,41.742919,-87.545433,chicago,South Chicago,0.4445738666690886,27.694181395488993
41776772N_87728822W,41.776772,-87.728822,chicago,West Lawn,0.3258336732396856,28.117708800166962
41930094N_87717766W,41.930094,-87.717766,chicago,Logan Square,0.48832995555130765,28.099054520986172
41776650N_87739190W,41.77665,-87.73919,chicago,Clearing,0.15066951175685972,27.591064965968638
41944927N_87806734W,41.944927,-87.806734,chicago,Dunning,0.649752177821938,40.7282737482747
41665104N_87558060W,41.665104,-87.55806,chicago,Hegewisch,0.5555733319488354,28.227155984853663
41900409N_87680152W,41.900409,-87.680152,chicago,West Town,0.310350265877787,25.66087082203417
41880377N_87654661W,41.880377,-87.654661,chicago,Near West Side,0.6896984101040289,27.96050675325772
41782298N_87722856W,41.782298,-87.722856,chicago,West Lawn,0.3373695999616757,25.83961782818789
41882355N_87669330W,41.882355,-87.66933,chicago,Near West Side,0.9514573465567082,27.515149991120992
41935205N_87745459W,41.935205,-87.745459,chicago,Belmont Cragin,0.17337884445441887,23.619789633630003
41872876N_87731519W,41.872876,-87.731519,chicago,West Garfield Park,0.4298140444443561,32.39290669843365
41687972N_87658464W,41.687972,-87.658464,chicago,Morgan Park,0.7820757332956418,28.902249244873765
41728076N_87565154W,41.728076,-87.565154,chicago,Calumet Heights,0.9970019555767067,28.323140699460474
41947130N_87661028W,41.94713,-87.661028,chicago,Lake View,0.5908443356165662,34.586263920856986
41859577N_87643854W,41.859577,-87.643854,chicago,Lower West Side,0.22736640000948682,21.725395226145153
41946928N_87756354W,41.946928,-87.756354,chicago,Portage Park,0.20022424479248002,29.95901923656021
41973466N_87750396W,41.973466,-87.750396,chicago,Forest Glen,0.5534335999982432,24.74696515356106
41865662N_87726377W,41.865662,-87.726377,chicago,North Lawndale,0.5930254222475924,28.253087712782676
41755169N_87582178W,41.755169,-87.582178,chicago,South Shore,0.582995911128819,28.790689709409452
41774731N_87746431W,41.774731,-87.746431,chicago,Clearing,0.9954659555805847,18.37162268275467
41966713N_87697972W,41.966713,-87.697972,chicago,Lincoln Square,0.7066771619720384,28.529069366511862
41834891N_87682985W,41.834891,-87.682985,chicago,McKinley Park,0.5719078304246068,33.50972695024609
41998150N_87692345W,41.99815,-87.692345,chicago,West Ridge,0.532359111122787,28.82230032984483
41982068N_87786541W,41.982068,-87.786541,chicago,Jefferson Park,0.5478897726279683,19.32465754849324
41852900N_87734563W,41.8529,-87.734563,chicago,North Lawndale,0.43647857778705657,30.603534139691313
41986271N_87807808W,41.986271,-87.807808,chicago,Norwood Park,0.22199608891969547,27.004529468768066
41976769N_87799752W,41.976769,-87.799752,chicago,Norwood Park,0.6897148315911181,15.744734365604314
41811260N_87612682W,41.81126,-87.612682,chicago,Grand Boulevard,0.9358168804901652,31.04755136930989
41966325N_87688831W,41.966325,-87.688831,chicago,Lincoln Square,0.7676259555737488,43.86878542807497
42001527N_87770888W,42.001527,-87.770888,chicago,Forest Glen,0.28934659773949534,0.2818670297369272
41716591N_87643408W,41.716591,-87.643408,chicago,Washington Heights,0.9282972444198094,40.58746244632296
41986455N_87798543W,41.986455,-87.798543,chicago,Norwood Park,0.7917354666278698,35.728583922956965
41737571N_87672851W,41.737571,-87.672851,chicago,Auburn Gresham,0.7373970562475733,0.43725904236040564
41912347N_87699728W,41.912347,-87.699728,chicago,West Town,0.9721870222128928,28.030171027801003
41749234N_87737152W,41.749234,-87.737152,chicago,Ashburn,0.7918882819940336,46.2816761675773
41793080N_87702315W,41.79308,-87.702315,chicago,Gage Park,0.5073706666589715,25.677308350022596
41924680N_87766020W,41.92468,-87.76602,chicago,Belmont Cragin,0.6879138159565628,29.938038623592764
41812503N_87634608W,41.812503,-87.634608,chicago,Fuller Park,0.7035605333512649,27.62010713538402
41867009N_87685914W,41.867009,-87.685914,chicago,Near West Side,0.9810977463494055,7.6915786972110585
41860879N_87709177W,41.860879,-87.709177,chicago,North Lawndale,0.9560675474349409,26.5935155265885
41789521N_87606123W,41.789521,-87.606123,chicago,Washington Park,0.32786346663488075,24.518149511227616
41946582N_87836527W,41.946582,-87.836527,chicago,O'Hare,0.5718456888571382,29.071211317064666
41699089N_87682009W,41.699089,-87.682009,chicago,Beverly,0.9023911651456729,26.461655868638566
41814474N_87668774W,41.814474,-87.668774,chicago,New City,0.8121272888965905,29.00967727975662
41872828N_87700981W,41.872828,-87.700981,chicago,East Garfield Park,0.621814044425264,25.65836703042823
41939648N_87707620W,41.939648,-87.70762,chicago,Avondale,0.708349822962191,47.714291846633955
41866034N_87767018W,41.866034,-87.767018,chicago,Austin,0.9685176888597198,33.671781328541805
41768708N_87690936W,41.768708,-87.690936,chicago,Chicago Lawn,0.8317041787086055,37.73335272716935
41930937N_87791792W,41.930937,-87.791792,chicago,Montclare,0.8719772444455884,27.91932187076839
41886598N_87690265W,41.886598,-87.690265,chicago,Near West Side,0.590798222227022,26.086627524988618
41944472N_87653621W,41.944472,-87.653621,chicago,Lake View,0.6758158222073689,28.105259413868975
41876481N_87737771W,41.876481,-87.737771,chicago,West Garfield Park,0.2195441778167151,25.194797813114924
41996832N_87672722W,41.996832,-87.672722,chicago,Edgewater,0.6908773378236219,27.665715859023535
41868487N_87670288W,41.868487,-87.670288,chicago,Near West Side,0.7998343475628644,4.3787298917407185
41775661N_87634946W,41.775661,-87.634946,chicago,Englewood,0.28093582222936675,46.29624940574055
41783334N_87649131W,41.783334,-87.649131,chicago,Englewood,0.4022570666857064,26.09598428889815
41806788N_87706368W,41.806788,-87.706368,chicago,Brighton Park,0.41120011638849974,30.69291861411716
41689777N_87697159W,41.689777,-87.697159,chicago,Mount Greenwood,0.7736986682284623,27.813703339745977
41880291N_87761831W,41.880291,-87.761831,chicago,Austin,0.9738617598777637,29.95908700577266
42000998N_87763128W,42.000998,-87.763128,chicago,Forest Glen,0.3627711796434596,25.19164056009252
41855445N_87671032W,41.855445,-87.671032,chicago,Lower West Side,0.6109710222226568,25.804127954852543
41868101N_87710137W,41.868101,-87.710137,chicago,North Lawndale,0.7099483631318435,0.6924103679019901
41728344N_87544246W,41.728344,-87.544246,chicago,South Chicago,0.7513210339238867,36.099141703775665
41908812N_87770730W,41.908812,-87.77073,chicago,Austin,0.5754473423585296,24.746928294160057
41859697N_87661368W,41.859697,-87.661368,chicago,Near West Side,0.7594112000078894,25.336786247972423
41873502N_87721117W,41.873502,-87.721117,chicago,West Garfield Park,0.7278350222040899,26.679633962328065
41815430N_87666372W,41.81543,-87.666372,chicago,New City,0.6394698495278135,28.24872795311798
41982914N_87775084W,41.982914,-87.775084,chicago,Jefferson Park,0.7670439992216416,37.8426404309151
41854138N_87663661W,41.854138,-87.663661,chicago,Lower West Side,0.68194106296869,0.12784001030050626
41777440N_87680419W,41.77744,-87.680419,chicago,Chicago Lawn,0.9348999682115391,28.753918861734114
41980023N_87763510W,41.980023,-87.76351,chicago,Jefferson Park,0.7507271111244336,36.7508287480732
41972764N_87713495W,41.972764,-87.713495,chicago,North Park,0.9985807304619811,27.65188836711974
41954035N_87688469W,41.954035,-87.688469,chicago,North Center,0.36641778529156,44.67892914727785
41764685N_87649252W,41.764685,-87.649252,chicago,Englewood,0.8787307138554752,25.75654716407578
41887903N_87620699W,41.887903,-87.620699,chicago,Loop,0.7835406222147867,49.47667673091339
41873681N_87742574W,41.873681,-87.742574,chicago,Austin,0.8837053740862757,32.66156546430798
41769211N_87589520W,41.769211,-87.58952,chicago,South Shore,0.7960659738746472,16.77895561157153
41784605N_87779090W,41.784605,-87.77909,chicago,Clearing,0.921579236863181,28.130361491823184
41902258N_87669312W,41.902258,-87.669312,chicago,West Town,0.9254844341776334,20.41227623403012
41728696N_87557059W,41.728696,-87.557059,chicago,Calumet Heights,0.6224760317709297,59.12676539437941
41909263N_87775174W,41.909263,-87.775174,chicago,Austin,0.7245895111118443,47.74595181463305
41786395N_87694336W,41.786395,-87.694336,chicago,Chicago Lawn,0.733151288877707,27.63384276160458
41881514N_87663693W,41.881514,-87.663693,chicago,Near West Side,0.24160832434426993,27.915508084599466
41765023N_87656546W,41.765023,-87.656546,chicago,West Englewood,0.8045041777659208,29.41117342083678
41788973N_87767042W,41.788973,-87.767042,chicago,Garfield Ridge,0.9615772444522008,27.44324071369648
42017096N_87809027W,42.017096,-87.809027,chicago,Edison Park,0.7413374079624191,27.35579114455118
41766865N_87720018W,41.766865,-87.720018,chicago,West Lawn,0.36561708187218755,28.3984452122287
41906206N_87670027W,41.906206,-87.670027,chicago,West Town,0.4617543111089617,25.532342562057153
41705453N_87668746W,41.705453,-87.668746,chicago,Beverly,0.7305713777896017,25.42308689271086
41758382N_87559254W,41.758382,-87.559254,chicago,South Shore,0.5090636144159362,16.346349495698174
41944376N_87778881W,41.944376,-87.778881,chicago,Dunning,0.4779903999879025,27.888662538188928
41946275N_87687026W,41.946275,-87.687026,chicago,North Center,0.7574733492219821,26.556390719136445
41707077N_87631347W,41.707077,-87.631347,chicago,Roseland,0.26109938317677006,33.12562584455175
41791684N_87702990W,41.791684,-87.70299,chicago,Gage Park,0.5754118210170418,19.311249898304148
41769066N_87630905W,41.769066,-87.630905,chicago,Greater Grand Crossing,0.510670222225599,30.860247737665624
41908782N_87773152W,41.908782,-87.773152,chicago,Austin,0.8350876444601454,24.44754720938055
41923847N_87774500W,41.923847,-87.7745,chicago,Belmont Cragin,0.7614222222473472,28.500393814489335
41666948N_87637342W,41.666948,-87.637342,chicago,West Pullman,0.7402083555352874,27.120490613388498
41880144N_87730550W,41.880144,-87.73055,chicago,West Garfield Park,0.7477688888902776,28.105675339872622
41971626N_87841032W,41.971626,-87.841032,chicago,O'Hare,0.5499178666505031,15.97222982425371
41995569N_87674938W,41.995569,-87.674938,chicago,West Ridge,0.7660785777843557,26.164740600458938
41758874N_87580951W,41.758874,-87.580951,chicago,South Shore,0.990900622215122,15.208234530928452
41962701N_87654020W,41.962701,-87.65402,chicago,Uptown,0.42275442893151194,28.535938400612398
41894932N_87749807W,41.894932,-87.749807,chicago,Austin,0.8378467555739917,30.210176200488814
41907182N_87674600W,41.907182,-87.6746,chicago,West Town,0.2184177777962759,27.50785673522109
41740919N_87714325W,41.740919,-87.714325,chicago,Ashburn,0.5109688888769597,35.7992320605865
41943807N_87788098W,41.943807,-87.788098,chicago,Dunning,0.42230690724682063,27.562258838772884
41943338N_87669375W,41.943338,-87.669375,chicago,Lake View,0.5626666666939855,28.64448563227795
41972325N_87684165W,41.972325,-87.684165,chicago,Lincoln Square,0.7213112941244617,26.063345062248278
41951768N_87734660W,41.951768,-87.73466,chicago,Irving Park,0.754781762487255,29.527177934409764
41702533N_87701212W,41.702533,-87.701212,chicago,Mount Greenwood,0.7053496888838708,24.71660025711017
41998450N_87799623W,41.99845,-87.799623,chicago,Norwood Park,0.34945946506923065,38.705977573236524
41767622N_87731622W,41.767622,-87.731622,chicago,West Lawn,0.5906097654951736,29.52430050972163
41726423N_87553921W,41.726423,-87.553921,chicago,Calumet Heights,0.278518044447992,31.565568019420375
41969609N_87747843W,41.969609,-87.747843,chicago,Forest Glen,0.8827178666833788,72.82686054035732
41901825N_87715504W,41.901825,-87.715504,chicago,Humboldt Park,0.9231175110908225,32.25786388907006
41786085N_87591466W,41.786085,-87.591466,chicago,Woodlawn,0.7028880447614938,26.49961937116979
41737325N_87702057W,41.737325,-87.702057,chicago,Ashburn,0.3023726735264063,36.36787737723958
41912372N_87697059W,41.912372,-87.697059,chicago,West Town,0.8018389333738014,27.81580424823886
41696945N_87708382W,41.696945,-87.708382,chicago,Mount Greenwood,0.7339057548670098,27.078270832013608
41690910N_87649636W,41.69091,-87.649636,chicago,Morgan Park,0.9313379555242136,27.344920963192937
41902215N_87752085W,41.902215,-87.752085,chicago,Austin,0.757206828915514,0.47391101867949553
41686660N_87622935W,41.68666,-87.622935,chicago,Roseland,0.7036373333539814,28.260360014341106
41702437N_87709172W,41.702437,-87.709172,chicago,Mount Greenwood,0.47983075556112453,20.230002339458718
41855045N_87720529W,41.855045,-87.720529,chicago,North Lawndale,0.4405091555672698,28.465876005119053
41912886N_87639348W,41.912886,-87.639348,chicago,Lincoln Park,0.8973098666756414,24.064959081273585
41957748N_87766549W,41.957748,-87.766549,chicago,Portage Park,0.39754382224055007,25.37363486610627
41694889N_87658674W,41.694889,-87.658674,chicago,Morgan Park,0.7137508752639405,28.352825860937827
41816362N_87724583W,41.816362,-87.724583,chicago,Archer Heights,0.9970716802054085,22.928135451397964
41938526N_87737024W,41.938526,-87.737024,chicago,Hermosa,0.8982422671979293,29.26653747896663
41780485N_87599162W,41.780485,-87.599162,chicago,Woodlawn,0.8283683179179206,27.75051196173525
41951870N_87724503W,41.95187,-87.724503,chicago,Irving Park,0.8653952000313438,24.92991025096423
41948494N_87701767W,41.948494,-87.701767,chicago,Irving Park,0.9112049777759239,26.79518952964593
41933607N_87729481W,41.933607,-87.729481,chicago,Avondale,0.365919288888108,22.96353930915585
41902782N_87748429W,41.902782,-87.748429,chicago,Austin,0.9761322640115395,27.906192225953422
41922136N_87767130W,41.922136,-87.76713,chicago,Belmont Cragin,0.7288382566184737,25.47335624893661
41771612N_87707806W,41.771612,-87.707806,chicago,Chicago Lawn,0.5010673778015189,27.039568649665082
41736966N_87587856W,41.736966,-87.587856,chicago,Avalon Park,0.9010676194448024,0.4372849023949505
41884025N_87725753W,41.884025,-87.725753,chicago,West Garfield Park,0.7754936888813972,28.30192125304919
41980265N_87793852W,41.980265,-87.793852,chicago,Norwood Park,0.8717923555523157,27.513394082757625
41749475N_87692614W,41.749475,-87.692614,chicago,Ashburn,0.2672238682862371,28.086504673319638
41871770N_87714985W,41.87177,-87.714985,chicago,East Garfield Park,0.588579555565957,31.384751482550502
41782317N_87598678W,41.782317,-87.598678,chicago,Woodlawn,0.6427292444859631,21.102126848208584
41813344N_87725634W,41.813344,-87.725634,chicago,Archer Heights,0.7916839806130156,28.326747643518697
41994933N_87884632W,41.994933,-87.884632,chicago,O'Hare,0.45587768888799474,81.57311252102434
41768913N_87640216W,41.768913,-87.640216,chicago,Englewood,0.36907662224257365,28.157315595806164
41950824N_87802296W,41.950824,-87.802296,chicago,Dunning,0.9423406514106318,26.831665323694246
41785115N_87651603W,41.785115,-87.651603,chicago,Englewood,0.9137719316640869,28.355405826731573
41852796N_87638539W,41.852796,-87.638539,chicago,Armour Square,0.7463068444048986,27.395835231866613
41825916N_87667831W,41.825916,-87.667831,chicago,McKinley Park,0.34447486436693,23.20826303840943
41723686N_87616615W,41.723686,-87.616615,chicago,Roseland,0.9300063563277945,27.93372202334915
41999104N_87670960W,41.999104,-87.67096,chicago,Rogers Park,0.8206862222286873,14.860538015644108
41820624N_87694579W,41.820624,-87.694579,chicago,Brighton Park,0.3398500862531364,32.966820230870354
41866094N_87672819W,41.866094,-87.672819,chicago,Near West Side,0.5940437333192676,44.39408228866715
41935686N_87709965W,41.935686,-87.709965,chicago,Avondale,0.789610666630324,28.061116408483365
41995671N_87706859W,41.995671,-87.706859,chicago,West Ridge,0.758921547443606,27.295022584137804
41731610N_87667885W,41.73161,-87.667885,chicago,Auburn Gresham,0.22272711113328114,34.01117088253095
41853597N_87737079W,41.853597,-87.737079,chicago,North Lawndale,0.5663758012815379,13.322909574694064
41805012N_87661836W,41.805012,-87.661836,chicago,New City,0.649003992206417,27.154234789460862
41857472N_87662678W,41.857472,-87.662678,chicago,Lower West Side,0.9437596444622613,16.703107816852967
41847826N_87692878W,41.847826,-87.692878,chicago,South Lawndale,0.9798840889125131,29.016963311503282
41908070N_87727074W,41.90807,-87.727074,chicago,Humboldt Park,0.6231850666808896,31.42415775567916
41779297N_87698343W,41.779297,-87.698343,chicago,Chicago Lawn,0.9380821333033964,10.684736128795112
41874372N_87651810W,41.874372,-87.65181,chicago,Near West Side,0.5991040000226349,30.016296667816626
41891875N_87615198W,41.891875,-87.615198,chicago,Near North Side,0.760716799995862,26.348787324256907
41868567N_87625958W,41.868567,-87.625958,chicago,Loop,0.8872561781900004,1.0350502911316768
41715556N_87676452W,41.715556,-87.676452,chicago,Beverly,0.8240768000250682,25.878686288755542
41967013N_87672548W,41.967013,-87.672548,chicago,Uptown,0.4685428615193814,28.06485582855051
41684882N_87714669W,41.684882,-87.714669,chicago,Mount Greenwood,0.4910037333611399,19.99144652150396
41791068N_87715737W,41.791068,-87.715737,chicago,West Elsdon,0.3982207999797538,25.831318078806422
41685333N_87615446W,41.685333,-87.615446,chicago,West Pullman,0.5594411249039695,2.4152572210076917
42019257N_87665265W,42.019257,-87.665265,chicago,Rogers Park,0.7863335447618738,25.523479768014816
41721333N_87617759W,41.721333,-87.617759,chicago,Roseland,0.22016995557351038,28.91976579373539
41891187N_87756701W,41.891187,-87.756701,chicago,Austin,0.9180771555984393,31.38110163671882
41776667N_87625132W,41.776667,-87.625132,chicago,Greater Grand Crossing,0.30441102222539485,20.0111468172387
41912093N_87693380W,41.912093,-87.69338,chicago,West Town,0.5829275332507677,25.533078774772896
41864091N_87624839W,41.864091,-87.624839,chicago,Near South Side,0.8421646222122945,23.122998156910914
41830918N_87669189W,41.830918,-87.669189,chicago,McKinley Park,0.10312314494512975,28.26647342270529
41911211N_87764894W,41.911211,-87.764894,chicago,Austin,0.781919288856443,26.86768884826191
41993916N_87704364W,41.993916,-87.704364,chicago,West Ridge,0.4755157333565876,25.635494470897264
41693671N_87540710W,41.693671,-87.54071,chicago,East Side,0.20130844443337992,23.649819076295554
41758713N_87592618W,41.758713,-87.592618,chicago,South Shore,0.9916999111301266,36.19296295307379
41952295N_87681738W,41.952295,-87.681738,chicago,North Center,0.8187711631762795,27.627925645705268
41783491N_87705691W,41.783491,-87.705691,chicago,Chicago Lawn,0.5700604991870932,27.29913354214563
41722314N_87578381W,41.722314,-87.578381,chicago,South Deering,0.47656817780807614,2.5902866469815127
41882001N_87686452W,41.882001,-87.686452,chicago,Near West Side,0.33637754229130223,4.1318485765289665
41926949N_87751334W,41.926949,-87.751334,chicago,Belmont Cragin,0.7144433778012171,26.866851107752538
41953866N_87712667W,41.953866,-87.712667,chicago,Irving Park,0.9716757426504046,36.23889166312036
41926703N_87689542W,41.926703,-87.689542,chicago,Logan Square,0.6966883555287495,26.60563405547085
41697036N_87536482W,41.697036,-87.536482,chicago,East Side,0.9111106479540467,28.27003276533208
41989939N_87755451W,41.989939,-87.755451,chicago,Forest Glen,0.7228117333725095,28.93147714194001
41868177N_87656721W,41.868177,-87.656721,chicago,Near West Side,0.4126861667027697,28.741666851062927
41931503N_87755918W,41.931503,-87.755918,chicago,Belmont Cragin,0.6374243555474095,2.4785810607697507
41803104N_87621083W,41.803104,-87.621083,chicago,Grand Boulevard,0.8063731982838362,41.39632731044948
41768695N_87672422W,41.768695,-87.672422,chicago,West Englewood,0.7809355889912695,28.79363720646894
41910236N_87665325W,41.910236,-87.665325,chicago,West Town,0.766186666674912,28.560222034455332
41768379N_87618559W,41.768379,-87.618559,chicago,Greater Grand Crossing,0.5503388444776647,19.753337406304034
41789261N_87621515W,41.789261,-87.621515,chicago,Washington Park,0.8902852529427037,26.097178487145477
41811727N_87704112W,41.811727,-87.704112,chicago,Brighton Park,0.8891649135621265,23.28308243740001
41838216N_87652680W,41.838216,-87.65268,chicago,Bridgeport,0.42689287080429494,18.53756708723255
41742045N_87610632W,41.742045,-87.610632,chicago,Chatham,0.7269448508159257,24.969535053562446
41700014N_87613573W,41.700014,-87.613573,chicago,Roseland,0.7061022811103612,27.155690601878618
41814130N_87704218W,41.81413,-87.704218,chicago,Brighton Park,0.2800203722435981,29.330865591842738
41827307N_87631419W,41.827307,-87.631419,chicago,Armour Square,0.21837516879895702,27.56101797348554
41784624N_87642490W,41.784624,-87.64249,chicago,Englewood,0.9957978961756453,29.10715104328869
41879333N_87689983W,41.879333,-87.689983,chicago,Near West Side,0.7738908478640951,35.50651054978222
41759218N_87555792W,41.759218,-87.555792,chicago,South Shore,0.27179946668911725,31.848155915844035
41497002N_87733589W,41.497002,-87.733589,suburban,"Matteson, IL",0.40050204447470605,61.32809076421778
42085203N_87702847W,42.085203,-87.702847,suburban,"Wilmette, IL",0.10251128661911935,33.38319836270676
41730760N_87751884W,41.73076,-87.751884,suburban,"Oak Lawn, IL",0.8875477333203889,16.110883466555375
41608588N_87769244W,41.608588,-87.769244,suburban,"Oak Forest, IL",0.5477873777854256,25.769217276056718
42102205N_87965032W,42.102205,-87.965032,suburban,"Prospect Heights, IL",0.6341610319796018,31.959925968657238
41908187N_87851771W,41.908187,-87.851771,suburban,"Melrose Park, IL",0.1704775111284107,55.57614317001387
42029407N_87817379W,42.029407,-87.817379,suburban,"Niles, IL",0.9888021891238168,10.815222472937677
41820638N_87872517W,41.820638,-87.872517,suburban,"La Grange Park, IL",0.28513190511148423,25.913763737388816
42006724N_88203201W,42.006724,-88.203201,suburban,"Bartlett, IL",0.5564117333269678,64.44444501962909
42028787N_87755932W,42.028787,-87.755932,suburban,"Skokie, IL",0.6782023111009039,29.16139960781479
41637133N_87604543W,41.637133,-87.604543,suburban,"Dolton, IL",0.4792910201358609,8.957982045790073
42139099N_87941603W,42.139099,-87.941603,suburban,"Wheeling, IL",0.5158129777992144,46.61175332827845
42021808N_87846302W,42.021808,-87.846302,suburban,"Park Ridge, IL",0.7846157436724752,28.316055065706003
42003539N_88183790W,42.003539,-88.18379,suburban,"Bartlett, IL",0.9049528889008798,58.981245216718634
42007043N_87992154W,42.007043,-87.992154,suburban,"Elk Grove Village, IL",0.7246464000199921,51.53131683780204
41802883N_87889400W,41.802883,-87.8894,suburban,"Western Springs, IL",0.5680711111053824,67.70078631227312
42143303N_87994131W,42.143303,-87.994131,suburban,"Arlington Heights, IL",0.4830762666533701,2.932209426059383
42062715N_87769972W,42.062715,-87.769972,suburban,"Skokie, IL",0.42733368888730183,69.1334637572923
42015717N_88134538W,42.015717,-88.134538,suburban,"Hanover Park, IL",0.6649636486545205,26.96617018746862
41884500N_87807521W,41.8845,-87.807521,suburban,"Forest Park, IL",0.9420558222336695,32.357089220638755
42045021N_87879640W,42.045021,-87.87964,suburban,"Des Plaines, IL",0.996131555584725,36.43197521787324
42038027N_87883288W,42.038027,-87.883288,suburban,"Des Plaines, IL",0.8146826218580827,37.48216269682172
41644150N_87623031W,41.64415,-87.623031,suburban,"Riverdale, IL",0.8695067178923637,42.012935209246166
41944026N_87865861W,41.944026,-87.865861,suburban,"Franklin Park, IL",0.8696220444398932,31.276069281045874
42011033N_87829538W,42.011033,-87.829538,suburban,"Park Ridge, IL",0.9725220878608525,10.670686403931404
42045024N_87680232W,42.045024,-87.680232,suburban,"Evanston, IL",0.25691545906011015,27.589514639627506
42084621N_87974398W,42.084621,-87.974398,suburban,"Arlington Heights, IL",0.993452088907361,20.33411021531347
41579762N_87568557W,41.579762,-87.568557,suburban,"South Holland, IL",0.9089578666607849,37.30311268086019
42104518N_88043749W,42.104518,-88.043749,suburban,"Palatine, IL",0.9940238221897744,27.258151977556007
42010471N_88197632W,42.010471,-88.197632,suburban,"Bartlett, IL",0.7772999111330137,24.971773642094625
41671116N_88000840W,41.671116,-88.00084,suburban,"Lemont, IL",0.024455111124552786,62.85846891094081
41749817N_87755796W,41.749817,-87.755796,suburban,"Burbank, IL",0.9320159605704248,38.331888462727584
41695888N_87776585W,41.695888,-87.776585,suburban,"Chicago Ridge, IL",0.834424888889771,26.685400401744076
42036972N_88259800W,42.036972,-88.2598,suburban,"Elgin, IL",0.6772349461680278,18.956900731109148
41814521N_87878099W,41.814521,-87.878099,suburban,"La Grange, IL",0.5153806222369894,19.217244142490184
41840663N_87783270W,41.840663,-87.78327,suburban,"Berwyn, IL",0.30589866667287424,30.110116538832067
41805333N_87857011W,41.805333,-87.857011,suburban,"McCook, IL",0.9078712888876908,27.96032909286548
42040752N_87743474W,42.040752,-87.743474,suburban,"Skokie, IL",0.49822709802538157,37.72017097334585
42091227N_88063138W,42.091227,-88.063138,suburban,"Palatine, IL",0.5194680889253505,47.55381575384751
41886244N_87837928W,41.886244,-87.837928,suburban,"Maywood, IL",0.4911374222137965,28.28879867426142
41877071N_87852338W,41.877071,-87.852338,suburban,"Maywood, IL",0.5189703110954724,16.00007992989799
41719542N_87786082W,41.719542,-87.786082,suburban,"Oak Lawn, IL",0.8983937506563962,35.7218317343046
42053960N_87703554W,42.05396,-87.703554,suburban,"Evanston, IL",0.6916990395402536,63.88052099962016
41954546N_87863927W,41.954546,-87.863927,suburban,"Schiller Park, IL",0.7635612444137223,26.51612692185843
41619146N_87532332W,41.619146,-87.532332,suburban,"Calumet City, IL",0.6040021333610639,24.063183807630963
42108883N_87733106W,42.108883,-87.733106,suburban,"Winnetka, IL",0.8517069534864277,27.37289892141195
41870059N_87775508W,41.870059,-87.775508,suburban,"Oak Park, IL",0.948577270261012,24.39064465126792
42139127N_87991419W,42.139127,-87.991419,suburban,"Arlington Heights, IL",0.5838037332869135,45.03193911249532
42090300N_88063138W,42.0903,-88.063138,suburban,"Palatine, IL",0.5194680889253505,48.20697872586105
42013317N_88183983W,42.013317,-88.183983,suburban,"Streamwood, IL",0.5328938666498289,43.15231345002989
42117006N_87822569W,42.117006,-87.822569,suburban,"Northbrook, IL",0.7725326222134754,43.621769007284875
41834072N_87900624W,41.834072,-87.900624,suburban,"Westchester, IL",0.226385967573151,51.023354305150384
41881562N_87793478W,41.881562,-87.793478,suburban,"Oak Park, IL",0.053824415954295546,31.09312285193895
41726897N_87882293W,41.726897,-87.882293,suburban,"Willow Springs, IL",0.7312910222099163,61.90301014339728
42020330N_87893100W,42.02033,-87.8931,suburban,"Des Plaines, IL",0.5794662464759313,26.534206782502324
41907910N_87780775W,41.90791,-87.780775,suburban,"Oak Park, IL",0.9613155555562116,27.250301669890565
41720330N_87728759W,41.72033,-87.728759,suburban,"Oak Lawn, IL",0.46889671112876385,49.21567925182637
42147135N_87958545W,42.147135,-87.958545,suburban,"Wheeling, IL",0.9193048229208216,46.29194199514869
41871296N_87790291W,41.871296,-87.790291,suburban,"Oak Park, IL",0.756043377739843,28.340579773992886
41593565N_87664372W,41.593565,-87.664372,suburban,"Markham, IL",0.21922699036076665,28.06041624003333
41816041N_87785595W,41.816041,-87.785595,suburban,"Stickney, IL",0.9220479999785312,27.370940495277697
42040928N_87770943W,42.040928,-87.770943,suburban,"Morton Grove, IL",0.400908800016623,37.98982368539299
42121706N_87993893W,42.121706,-87.993893,suburban,"Arlington Heights, IL",0.7979919917997904,41.813925671098325
42062893N_87753690W,42.062893,-87.75369,suburban,"Skokie, IL",0.3528484246926382,33.602161332326524
41880618N_87846942W,41.880618,-87.846942,suburban,"Maywood, IL",0.25311794434674084,26.90891139238725
41920123N_87840343W,41.920123,-87.840343,suburban,"River Grove, IL",0.8487662322586402,34.391249160472114
42024441N_87734270W,42.024441,-87.73427,suburban,"Skokie, IL",0.4609793237177655,26.676353647563424
41924468N_87852109W,41.924468,-87.852109,suburban,"River Grove, IL",0.814018844452221,26.791162178916693
41856318N_87774511W,41.856318,-87.774511,suburban,"Cicero, IL",0.7934620444430038,25.40482219617939
42010554N_87893870W,42.010554,-87.89387,suburban,"Des Plaines, IL",0.905207920121029,67.55202118314419
42101821N_88098301W,42.101821,-88.098301,suburban,"Hoffman Estates, IL",0.8733227881602943,32.50000172465913
42072999N_87825445W,42.072999,-87.825445,suburban,"Glenview, IL",0.8505102221970446,24.18473585630099
42027606N_87894411W,42.027606,-87.894411,suburban,"Des Plaines, IL",0.05087709752842784,34.87359825234554
42144785N_87938382W,42.144785,-87.938382,suburban,"Wheeling, IL",0.15119312418391928,50.30513290273182
41803070N_87877833W,41.80307,-87.877833,suburban,"La Grange, IL",0.9392238183645532,25.63527319322291
42132780N_88010306W,42.13278,-88.010306,suburban,"Palatine, IL",0.6929529221961275,36.499737861136026
42057648N_88247224W,42.057648,-88.247224,suburban,"Elgin, IL",0.33013048890279606,18.68644768696619
42071223N_87998586W,42.071223,-87.998586,suburban,"Arlington Heights, IL",0.9637565625598654,51.72527148352665
41582990N_87594480W,41.58299,-87.59448,suburban,"South Holland, IL",0.5980967956129462,27.51189376690748
41989784N_88116685W,41.989784,-88.116685,suburban,"Schaumburg, IL",0.5525262221926823,28.486882097670097
41806033N_87843574W,41.806033,-87.843574,suburban,"Brookfield, IL",0.638581614010036,17.753532080222836
41865296N_87811518W,41.865296,-87.811518,suburban,"Forest Park, IL",0.5841621333383955,28.10646687304625
41587723N_87797048W,41.587723,-87.797048,suburban,"Tinley Park, IL",0.9708121725707315,50.86274044717975
42007883N_88052131W,42.007883,-88.052131,suburban,"Elk Grove Village, IL",0.6244524702196941,33.80679927293232
41966503N_87799524W,41.966503,-87.799524,suburban,"Harwood Heights, IL",0.47067211440298706,31.996176988927147
41719638N_87771973W,41.719638,-87.771973,suburban,"Oak Lawn, IL",0.7269863912370056,35.20127815060329
42093942N_88043800W,42.093942,-88.0438,suburban,"Palatine, IL",0.8454755555139855,39.935310329857224
41617447N_87853800W,41.617447,-87.8538,suburban,"Orland Park, IL",0.8103015896631405,30.678186803810615
41856064N_87877770W,41.856064,-87.87777,suburban,"Westchester, IL",0.4429013333283365,34.8182191891297
41626338N_87551732W,41.626338,-87.551732,suburban,"Calumet City, IL",0.5470521530369297,25.216945632186818
42066448N_87967941W,42.066448,-87.967941,suburban,"Mount Prospect, IL",0.30063950060866773,53.579258443296084
41868958N_87785311W,41.868958,-87.785311,suburban,"Oak Park, IL",0.6420945112477057,27.849400107880008
42020052N_87844003W,42.020052,-87.844003,suburban,"Park Ridge, IL",0.796417422243394,57.76758629442221
42011511N_88201833W,42.011511,-88.201833,suburban,"Bartlett, IL",0.8463460872881114,26.788947092488925
41697748N_87835169W,41.697748,-87.835169,suburban,"Palos Hills, IL",0.527307377778925,26.428730836014626
41603678N_87636456W,41.603678,-87.636456,suburban,"Harvey, IL",0.829425452509895,29.98490274139466
41823455N_87802670W,41.823455,-87.80267,suburban,"Berwyn, IL",0.8124942222493701,42.32539908534449
42125682N_88037070W,42.125682,-88.03707,suburban,"Palatine, IL",0.8160869209095836,30.902936467052314
42100742N_87823063W,42.100742,-87.823063,suburban,"Glenview, IL",0.8908535736845806,24.49784386476827
42070020N_88048067W,42.07002,-88.048067,suburban,"Schaumburg, IL",0.41693724441574886,53.58388238168161
42050372N_88043232W,42.050372,-88.043232,suburban,"Schaumburg, IL",0.7661915764329024,28.110168632942404
42061796N_87935356W,42.061796,-87.935356,suburban,"Mount Prospect, IL",0.7115192888886668,28.50597078298106
42098231N_88112454W,42.098231,-88.112454,suburban,"Hoffman Estates, IL",0.9662845848943107,32.12378869087165
41601486N_87617139W,41.601486,-87.617139,suburban,"South Holland, IL",0.6322828547563404,1.135661015574134
42046468N_88043081W,42.046468,-88.043081,suburban,"Schaumburg, IL",0.9397148444550112,37.75940575711679
42061120N_88079445W,42.06112,-88.079445,suburban,"Schaumburg, IL",0.97811200004071,76.36360899251687
41506148N_87634565W,41.506148,-87.634565,suburban,"Chicago Heights, IL",0.8288071111310273,33.55642825123949
41671808N_87674972W,41.671808,-87.674972,suburban,"Blue Island, IL",0.8651107555488124,27.22437093920498
42084385N_87969090W,42.084385,-87.96909,suburban,"Arlington Heights, IL",0.6871058071264997,45.29773052891609
42066589N_87980627W,42.066589,-87.980627,suburban,"Arlington Heights, IL",0.8538591313408688,23.631701713340927
41825448N_87763204W,41.825448,-87.763204,suburban,"Cicero, IL",0.5151799385203049,26.388894461143526
41759457N_87780953W,41.759457,-87.780953,suburban,"Bedford Park, IL",0.7065954760182649,31.208794980197027
41895343N_87915497W,41.895343,-87.915497,suburban,"Berkeley, IL",0.5550492444308475,27.621925285794315
42050055N_87787267W,42.050055,-87.787267,suburban,"Morton Grove, IL",0.05199502222239971,24.923355828994325
41625539N_87717715W,41.625539,-87.717715,suburban,"Midlothian, IL",0.6368782222270966,48.32420875248864
42047472N_88251586W,42.047472,-88.251586,suburban,"Elgin, IL",0.37511537777027115,29.211301298357235
41656596N_88000800W,41.656596,-88.0008,suburban,"Lemont, IL",0.6148095674579963,42.92895490023398
41637622N_87629343W,41.637622,-87.629343,suburban,"Riverdale, IL",0.5735072448151186,29.769326596784268
41908627N_87820814W,41.908627,-87.820814,suburban,"River Forest, IL",0.3392753778025508,44.3952618595282
42009948N_87795732W,42.009948,-87.795732,suburban,"Niles, IL",0.7192290732637048,26.00158897590518
42059497N_87915160W,42.059497,-87.91516,suburban,"Des Plaines, IL",0.9703880844754167,21.75572777460833
42011709N_88202414W,42.011709,-88.202414,suburban,"Bartlett, IL",0.8487153777386993,38.41735277363019
42027210N_87672775W,42.02721,-87.672775,suburban,"Evanston, IL",0.4658844444202259,37.320589387608095
41976301N_87866449W,41.976301,-87.866449,suburban,"Rosemont, IL",0.8560931903775781,61.74033171294531
42026244N_87743876W,42.026244,-87.743876,suburban,"Skokie, IL",0.6085861214669421,31.483336148396056
41729613N_87728973W,41.729613,-87.728973,suburban,"Hometown, IL",0.20140884938882664,32.37582961832382
42011337N_87822700W,42.011337,-87.8227,suburban,"Park Ridge, IL",0.8459022222086787,27.21580443296438
41752191N_87776715W,41.752191,-87.776715,suburban,"Burbank, IL",0.7869226666516624,24.05915687174914
42028091N_87747451W,42.028091,-87.747451,suburban,"Skokie, IL",0.14911647664848715,39.607639305956425
41995411N_88153283W,41.995411,-88.153283,suburban,"Hanover Park, IL",0.260061296983622,31.77333681049979
42095114N_87902074W,42.095114,-87.902074,suburban,"Mount Prospect, IL",0.798217095725704,45.33593188838959
41741950N_87818896W,41.74195,-87.818896,suburban,"Bridgeview, IL",0.3560979463509284,38.26451924302574
41716610N_87707111W,41.71661,-87.707111,suburban,"Evergreen Park, IL",0.5428515402600169,48.78697348299868
42022764N_87942101W,42.022764,-87.942101,suburban,"Mount Prospect, IL",0.9636813559918664,18.880689812927958
41558678N_87901252W,41.558678,-87.901252,suburban,"Orland Park, IL",0.0555993877351284,26.606593835057218
41483542N_87726274W,41.483542,-87.726274,suburban,"Richton Park, IL",0.3570961768273264,22.732880370586894
41720078N_87741504W,41.720078,-87.741504,suburban,"Oak Lawn, IL",0.9900284523610026,43.95906496902109
41893291N_87852914W,41.893291,-87.852914,suburban,"Melrose Park, IL",0.8412487111054361,28.382506011083546
42024776N_87679800W,42.024776,-87.6798,suburban,"Evanston, IL",0.9276800000225194,27.841904863991417
41727407N_87767921W,41.727407,-87.767921,suburban,"Oak Lawn, IL",0.40823846840066835,22.141445879866538
41599215N_87539519W,41.599215,-87.539519,suburban,"Calumet City, IL",0.32965262222569436,74.41985030352107
41734297N_87754939W,41.734297,-87.754939,suburban,"Burbank, IL",0.4832541785435751,46.894737141983555
41761921N_87795336W,41.761921,-87.795336,suburban,"Bedford Park, IL",0.5493290666490793,25.82108780961498
41830489N_87879150W,41.830489,-87.87915,suburban,"La Grange Park, IL",0.42336000001523644,28.44003890163148
42004885N_88091127W,42.004885,-88.091127,suburban,"Schaumburg, IL",0.9955967999994755,42.135450748532875
41591203N_87638864W,41.591203,-87.638864,suburban,"Harvey, IL",0.5817499544937164,28.531756489345153
42082197N_87694401W,42.082197,-87.694401,suburban,"Wilmette, IL",0.5438250666484237,28.83528154751039
42061916N_87934394W,42.061916,-87.934394,suburban,"Mount Prospect, IL",0.519794826686848,11.588747411146283
41740673N_87755640W,41.740673,-87.75564,suburban,"Burbank, IL",0.6288119261153042,30.252324706402597
42006016N_88013264W,42.006016,-88.013264,suburban,"Elk Grove Village, IL",0.6939402024727315,63.6370727481454
42075742N_88053467W,42.075742,-88.053467,suburban,"Rolling Meadows, IL",0.7686817297944799,44.29910709072224
41688995N_87797741W,41.688995,-87.797741,suburban,"Worth, IL",0.4557411555433646,38.22480025219916
41837863N_87824322W,41.837863,-87.824322,suburban,"North Riverside, IL",0.9531622243812308,17.226980507664035
41830187N_87784180W,41.830187,-87.78418,suburban,"Berwyn, IL",0.9606366688385606,44.205467912779575
41722204N_87733522W,41.722204,-87.733522,suburban,"Oak Lawn, IL",0.7135023662704043,60.36422052964856
41857850N_87784091W,41.85785,-87.784091,suburban,"Berwyn, IL",0.8019048586138524,32.08608635493398
41858083N_87779459W,41.858083,-87.779459,suburban,"Berwyn, IL",0.7944433777593076,29.303685378221637
41811620N_87812467W,41.81162,-87.812467,suburban,"Lyons, IL",0.6516750222072005,25.007434403566048
41590045N_87635216W,41.590045,-87.635216,suburban,"Harvey, IL",0.9326321777771227,24.599900196437954
41954468N_87812188W,41.954468,-87.812188,suburban,"Norridge, IL",0.6705192296067253,26.44991296481612
41853024N_87882522W,41.853024,-87.882522,suburban,"Westchester, IL",0.6016981333377771,33.117898653598836
41878134N_87781339W,41.878134,-87.781339,suburban,"Oak Park, IL",0.6814535111188889,25.51675123593343
41890443N_87778244W,41.890443,-87.778244,suburban,"Oak Park, IL",0.6925386760849506,24.928268389142744
42012918N_87975668W,42.012918,-87.975668,suburban,"Elk Grove Village, IL",0.7056910222163424,19.94309638614908
41647875N_87696581W,41.647875,-87.696581,suburban,"Robbins, IL",0.6110742290620692,52.34822802952991
41857414N_87793536W,41.857414,-87.793536,suburban,"Berwyn, IL",0.5069709356175736,29.945962925918597
41703867N_87787969W,41.703867,-87.787969,suburban,"Chicago Ridge, IL",0.2625011896016076,38.84340686798373
41664823N_87657927W,41.664823,-87.657927,suburban,"Calumet Park, IL",0.7820501333335415,28.468937781637422
41518162N_87728719W,41.518162,-87.728719,suburban,"Matteson, IL",0.5854051555506885,25.992409886894716
41691129N_87744612W,41.691129,-87.744612,suburban,"Oak Lawn, IL",0.2936874666484073,62.94582938458118
42001973N_87833604W,42.001973,-87.833604,suburban,"Park Ridge, IL",0.9142997332965024,22.485842386968656
42127337N_87824286W,42.127337,-87.824286,suburban,"Northbrook, IL",0.6843031671596691,26.897262583156994
41495658N_87660302W,41.495658,-87.660302,suburban,"Chicago Heights, IL",0.7548240711912513,25.60957977643041
41829267N_87809102W,41.829267,-87.809102,suburban,"Riverside, IL",0.5569137425045483,18.26993338902891
42050539N_87799738W,42.050539,-87.799738,suburban,"Morton Grove, IL",0.27242524444591254,50.46121050750736
41545101N_87539576W,41.545101,-87.539576,suburban,"Lansing, IL",0.8993196196388453,21.813416858443944
41861363N_87804676W,41.861363,-87.804676,suburban,"Forest Park, IL",0.9368154982803389,27.88730749534641
42048504N_88043292W,42.048504,-88.043292,suburban,"Schaumburg, IL",0.325132800033316,25.7767598316659
42078648N_87751783W,42.078648,-87.751783,suburban,"Wilmette, IL",0.593363911146298,39.76365501427888
41908195N_87844953W,41.908195,-87.844953,suburban,"Melrose Park, IL",0.16062235191930085,41.92609386013189
41484221N_87703242W,41.484221,-87.703242,suburban,"Richton Park, IL",0.7925461333361454,51.330707096452
41703584N_87739929W,41.703584,-87.739929,suburban,"Oak Lawn, IL",0.633423205523286,53.715754530540394
42002671N_88006365W,42.002671,-88.006365,suburban,"Elk Grove Village, IL",0.19463999039726332,44.56780962435854
41817957N_87870100W,41.817957,-87.8701,suburban,"La Grange, IL",0.783395555568859,39.334455881721155
42017759N_87747738W,42.017759,-87.747738,suburban,"Skokie, IL",0.8114474666654132,36.258109947873876
41879309N_87821078W,41.879309,-87.821078,suburban,"River Forest, IL",0.8677795446710661,28.70435300328301
42090234N_87996722W,42.090234,-87.996722,suburban,"Arlington Heights, IL",0.35656876931898296,44.79595216814715
41642286N_87839796W,41.642286,-87.839796,suburban,"Orland Park, IL",0.9498069333494641,28.984536987059247
41953131N_87811302W,41.953131,-87.811302,suburban,"Norridge, IL",0.09299049503169954,60.39786694724815
41707986N_87702591W,41.707986,-87.702591,suburban,"Evergreen Park, IL",0.6887210666900501,24.68576035352518
41504793N_87642399W,41.504793,-87.642399,suburban,"Chicago Heights, IL",0.2812350227031857,30.90024739274915
41558133N_87636085W,41.558133,-87.636085,suburban,"Glenwood, IL",0.4014862222247757,44.67187024305285
42026933N_88257891W,42.026933,-88.257891,suburban,"Elgin, IL",0.7397589333122596,27.463766416068182
41720316N_87729454W,41.720316,-87.729454,suburban,"Oak Lawn, IL",0.4445624888758175,44.67956233424523
42054663N_88034831W,42.054663,-88.034831,suburban,"Schaumburg, IL",0.9695815111044794,47.20454136402261
42087248N_87798134W,42.087248,-87.798134,suburban,"Glenview, IL",0.39956337778130546,42.59769975217124
41813995N_87835218W,41.813995,-87.835218,suburban,"Lyons, IL",0.3845845333416946,33.59882879682148
41850577N_87756529W,41.850577,-87.756529,suburban,"Cicero, IL",0.7570795967476442,29.136509305274863
41574981N_87780553W,41.574981,-87.780553,suburban,"Tinley Park, IL",0.587207471835427,22.692228780152895
41733243N_87801225W,41.733243,-87.801225,suburban,"Bridgeview, IL",0.6036266666487791,33.06652264595344
41627723N_87717911W,41.627723,-87.717911,suburban,"Midlothian, IL",0.849853529362008,17.374271863374073
42092683N_88026698W,42.092683,-88.026698,suburban,"Rolling Meadows, IL",0.7440336039289832,38.278382472255636
41702228N_87720768W,41.702228,-87.720768,suburban,"Oak Lawn, IL",0.6567090897588059,31.900850133425134
41858582N_87852815W,41.858582,-87.852815,suburban,"Broadview, IL",0.8703928889008239,29.00169118832906
42086900N_87798067W,42.0869,-87.798067,suburban,"Glenview, IL",0.5947150221909396,16.92472837323617
41908156N_87820354W,41.908156,-87.820354,suburban,"River Forest, IL",0.3208775111124851,41.58591631182612
41834574N_87763153W,41.834574,-87.763153,suburban,"Cicero, IL",0.2891107555478811,58.41538437548534
41990552N_88119222W,41.990552,-88.119222,suburban,"Schaumburg, IL",0.8370218666386791,41.946409925705154
42089358N_87824548W,42.089358,-87.824548,suburban,"Glenview, IL",0.5367879110854119,52.399004733510644
42054247N_87909051W,42.054247,-87.909051,suburban,"Des Plaines, IL",0.6696149333729409,65.83049598410882
42038502N_87824142W,42.038502,-87.824142,suburban,"Niles, IL",0.6775369386887178,8.407341591185665
41809069N_87798322W,41.809069,-87.798322,suburban,"Forest View, IL",0.5021870709606446,30.18097715804853
41886632N_87825372W,41.886632,-87.825372,suburban,"River Forest, IL",0.9368618666776456,16.43437460490859
41683098N_87717581W,41.683098,-87.717581,suburban,"Alsip, IL",0.9728184888954274,25.059924097259028
41602417N_87787281W,41.602417,-87.787281,suburban,"Tinley Park, IL",0.25868426682427526,23.03846309741364
41501329N_87654887W,41.501329,-87.654887,suburban,"Chicago Heights, IL",0.8089990193839185,36.11107541537901
41754484N_87845483W,41.754484,-87.845483,suburban,"Justice, IL",0.710792462748941,27.41560071308131
41506162N_87727682W,41.506162,-87.727682,suburban,"Matteson, IL",0.39423281780909747,61.44981984897135
41888507N_87875467W,41.888507,-87.875467,suburban,"Bellwood, IL",0.8823532653623261,34.88172048462662
41961937N_87806609W,41.961937,-87.806609,suburban,"Norridge, IL",0.5845653577707708,29.081183132107945
42033574N_87750358W,42.033574,-87.750358,suburban,"Skokie, IL",0.6484092893078923,27.038379735230368
42043622N_88255756W,42.043622,-88.255756,suburban,"Elgin, IL",0.7580295953666791,22.08768697248865
42065672N_87907948W,42.065672,-87.907948,suburban,"Des Plaines, IL",0.7440082512330264,2.9709837132526027
42068078N_87934012W,42.068078,-87.934012,suburban,"Mount Prospect, IL",0.6960903749568388,28.365062283239414
41567842N_87811962W,41.567842,-87.811962,suburban,"Tinley Park, IL",0.38166148716118187,40.622164704505984
42068478N_87759186W,42.068478,-87.759186,suburban,"Glenview, IL",0.2655512656783685,23.972741546034307
41839476N_87802566W,41.839476,-87.802566,suburban,"Berwyn, IL",0.647069355181884,27.082342199917044
41612301N_87853268W,41.612301,-87.853268,suburban,"Orland Park, IL",0.7617516365135089,56.79699926685417
41781922N_87805658W,41.781922,-87.805658,suburban,"Summit, IL",0.4843249777914025,66.84629237754633
42072687N_87710300W,42.072687,-87.7103,suburban,"Wilmette, IL",0.7808030503802001,28.054889445222404
41807945N_87752992W,41.807945,-87.752992,suburban,"Forest View, IL",0.11483164445962757,38.99816801451541
41723951N_87844874W,41.723951,-87.844874,suburban,"Hickory Hills, IL",0.2594460444524884,26.029112120565866
42015030N_87757605W,42.01503,-87.757605,suburban,"Skokie, IL",0.6417306959629059,23.319002990830107
42057188N_87903741W,42.057188,-87.903741,suburban,"Des Plaines, IL",0.7968810666934587,44.10051764528796
41797339N_87869303W,41.797339,-87.869303,suburban,"La Grange, IL",0.8951736888848245,45.22706456973513
42093044N_87988968W,42.093044,-87.988968,suburban,"Arlington Heights, IL",0.6729537631617859,18.739203716859972
41808728N_87841259W,41.808728,-87.841259,suburban,"Brookfield, IL",0.8303473666892387,27.84574037504311
41814366N_87872692W,41.814366,-87.872692,suburban,"La Grange, IL",0.7976793596753851,80.49157395653316
42144236N_87795798W,42.144236,-87.795798,suburban,"Northbrook, IL",0.7963434666744433,32.22232210544735
41833183N_87846234W,41.833183,-87.846234,suburban,"Brookfield, IL",0.7510760328732431,28.728839236500573
42029894N_87685845W,42.029894,-87.685845,suburban,"Evanston, IL",0.9208548758761026,21.51009772854039
41906160N_87854652W,41.90616,-87.854652,suburban,"Melrose Park, IL",0.22104319999925792,25.29568133321197
41542695N_87602931W,41.542695,-87.602931,suburban,"Glenwood, IL",0.9695104000275023,5.629848461764111
42011362N_88127452W,42.011362,-88.127452,suburban,"Schaumburg, IL",0.8086343111353926,29.978099690528232
41856084N_87877172W,41.856084,-87.877172,suburban,"Westchester, IL",0.2918672017985955,27.369365221295254
41827211N_87766314W,41.827211,-87.766314,suburban,"Cicero, IL",0.9179690666496754,26.351955763285776
42106225N_87970993W,42.106225,-87.970993000000007,suburban,"Arlington Heights, IL",0.9112334222299978,30.535134854803882
42087322N_87803977W,42.087322,-87.803977,suburban,"Glenview, IL",0.6194076444371603,21.824104889344238
42090143N_87798229W,42.090143,-87.798229,suburban,"Glenview, IL",0.7137444271938875,37.816469362685325
41876406N_87833426W,41.876406,-87.833426,suburban,"Maywood, IL",0.3958371555781923,3.4258245493135737
42060640N_88252112W,42.06064,-88.252112,suburban,"Elgin, IL",0.486233442556113,25.363498605897387
42152782N_87850552W,42.152782,-87.850552,suburban,"Deerfield, IL",0.7338723716675304,39.70558412572998
42007794N_88116612W,42.007794,-88.116612,suburban,"Schaumburg, IL",0.7651541333179921,28.726609266827047
41874930N_87855939W,41.87493,-87.855939,suburban,"Maywood, IL",0.030297599965706468,28.612399278644098
41697198N_87798105W,41.697198,-87.798105,suburban,"Worth, IL",0.4840320000075735,49.36756108433238
42004498N_88158079W,42.004498,-88.158079,suburban,"Hanover Park, IL",0.6441408106475137,80.33733107455498
41752451N_87763339W,41.752451,-87.763339,suburban,"Burbank, IL",0.6483342270366848,26.11721879362043
42121779N_88018250W,42.121779,-88.01825,suburban,"Palatine, IL",0.7347555555170402,27.462157147243172
41858430N_87787442W,41.85843,-87.787442,suburban,"Berwyn, IL",0.5336796744959429,28.608780719427468
41814584N_87851849W,41.814584,-87.851849,suburban,"Brookfield, IL",0.056713955535087734,22.49003689521046
41907865N_87859603W,41.907865,-87.859603,suburban,"Melrose Park, IL",0.8690723742474802,49.661265529663176
42048889N_87832889W,42.048889,-87.832889,suburban,"Niles, IL",0.8317112888908014,49.025873093951454
42037264N_88242510W,42.037264,-88.24251,suburban,"Elgin, IL",0.17762053373735398,24.544417189082903
41815354N_87898895W,41.815354,-87.898895,suburban,"Western Springs, IL",0.936487105442211,27.812963540739815
41749047N_87747432W,41.749047,-87.747432,suburban,"Burbank, IL",0.07984213333111256,45.89275299874615
41910851N_87876586W,41.910851,-87.876586,suburban,"Melrose Park, IL",0.5558858970180154,53.14409248241439
41841671N_87775916W,41.841671,-87.775916,suburban,"Cicero, IL",0.8858211555634625,23.471677463353217
42115265N_88108548W,42.115265,-88.108548,suburban,"Hoffman Estates, IL",0.2532565333531238,28.838181912897248
41822292N_87806597W,41.822292,-87.806597,suburban,"Lyons, IL",0.2507107555284165,63.20530035142304
42041981N_87925628W,42.041981,-87.925628,suburban,"Des Plaines, IL",0.9536270222160965,31.221879181231344
41696631N_87720553W,41.696630999999996,-87.720553,suburban,"Oak Lawn, IL",0.49097884469665587,29.746252510381247
42087367N_87979232W,42.087367,-87.979232,suburban,"Arlington Heights, IL",0.9134065777761862,27.47008089817454
42037410N_87940684W,42.03741,-87.940684,suburban,"Des Plaines, IL",0.8074055111501366,44.431870052423655
41863625N_87804170W,41.863625,-87.80417,suburban,"Forest Park, IL",0.8184391111135483,32.8727697297461
41879215N_87825888W,41.879215,-87.825888,suburban,"Forest Park, IL",0.7644900659797713,29.490193354732742
41669845N_87690027W,41.669845,-87.690027,suburban,"Blue Island, IL",0.9586526402854361,34.55046753841184
42113107N_87980516W,42.113107,-87.980516,suburban,"Arlington Heights, IL",0.8265144889010116,41.859472749261656
42120193N_88038364W,42.120193,-88.038364,suburban,"Palatine, IL",0.739410029957071,74.67410805402149
41621374N_87525187W,41.621374,-87.525187,suburban,"Calumet City, IL",0.5846769777708687,19.573570946735764
41619116N_87542018W,41.619116,-87.542018,suburban,"Calumet City, IL",0.6870171578484587,28.793591658299476
42117281N_88056709W,42.117281,-88.056709,suburban,"Palatine, IL",0.7547121777897701,30.045581779015247
41559332N_87842179W,41.559332,-87.842179,suburban,"Tinley Park, IL",0.4901469210162759,26.58117287514911
42008054N_87993329W,42.008054,-87.993329,suburban,"Elk Grove Village, IL",0.7052394459024072,23.7093311921707
41848384N_87816402W,41.848384,-87.816402,suburban,"North Riverside, IL",0.8098431999678724,25.99308802860752
41849800N_87836526W,41.8498,-87.836526,suburban,"North Riverside, IL",0.5747583999764174,45.404473695017856
41881503N_87798445W,41.881503,-87.798445,suburban,"Oak Park, IL",0.506289777753409,26.677779791363616
41533254N_87650002W,41.533254,-87.650002,suburban,"Chicago Heights, IL",0.999444309680257,31.118898061406608
42002022N_87831212W,42.002022,-87.831212,suburban,"Park Ridge, IL",0.34916998795233667,30.70196255254514
42108002N_87849003W,42.108002,-87.849003,suburban,"Northbrook, IL",0.6072199711343274,45.93658787123769
41879477N_87781983W,41.879477,-87.781983,suburban,"Oak Park, IL",0.5572394666378386,27.984892347580885
41863803N_87863548W,41.863803,-87.863548,suburban,"Broadview, IL",0.47966722352430224,39.25986259093386
41506253N_87675925W,41.506253,-87.675925,suburban,"Olympia Fields, IL",0.3590755555196665,29.555360506059372
41997347N_87727659W,41.997347,-87.727659,suburban,"Lincolnwood, IL",0.6724583621835336,6.2010012038618205
42151999N_87985361W,42.151999000000004,-87.985361,suburban,"Arlington Heights, IL",0.9385998222278431,41.01926754483915
41824933N_87796207W,41.824933,-87.796207,suburban,"Berwyn, IL",0.5021892234217376,31.564533537844692
41721585N_87759161W,41.721585,-87.759161,suburban,"Oak Lawn, IL",0.8708933806046844,28.976913683090327
42140141N_87792583W,42.140141,-87.792583,suburban,"Northbrook, IL",0.5680227555567399,77.9409860945377
41992530N_88126860W,41.99253,-88.12686,suburban,"Schaumburg, IL",0.9156906667049043,22.835270024159502
41889248N_87894448W,41.889248,-87.894448,suburban,"Bellwood, IL",0.13529457774711773,43.80121212999504
41995003N_87988054W,41.995003,-87.988054,suburban,"Elk Grove Village, IL",0.782530844444409,27.149436496422776
