id,lat,lon,geography,name,tile_offset,dist_to_osm_crossing_ft,veg_frac,ndvi_mean,canopy,tile_pos
41758481N_87586394W,41.758481,-87.586394,chicago,South Shore,0.8956240742700174,38.50114272031318,0.05214977264404297,0.10460441559553146,low,edge
41791848N_87590267W,41.791848,-87.590267,chicago,Hyde Park,0.783892493811436,28.816086371207863,0.46004772186279297,0.253375381231308,mid,edge
41721333N_87617759W,41.721333,-87.617759,chicago,Roseland,0.22016995557351038,28.91976579373539,0.5307102203369141,0.32264167070388794,high,centre
41894932N_87749807W,41.894932,-87.749807,chicago,Austin,0.8378467555739917,30.210176200488814,0.25725746154785156,0.1939523071050644,low,edge
41956136N_87669087W,41.956136,-87.669087,chicago,Lake View,0.27619413333013654,28.663665369866326,0.4784660339355469,0.2741624712944031,mid,centre
41845758N_87655449W,41.845758,-87.655449,chicago,Bridgeport,0.08580504858400673,30.21162241449002,0.40967655181884766,0.25993651151657104,mid,centre
41838216N_87652680W,41.838216,-87.65268,chicago,Bridgeport,0.42689287080429494,18.53756708723255,0.4777097702026367,0.2772413194179535,mid,centre
41866094N_87672819W,41.866094,-87.672819,chicago,Near West Side,0.5940437333192676,44.39408228866715,0.4675121307373047,0.2347885370254517,mid,centre
41789261N_87621515W,41.789261,-87.621515,chicago,Washington Park,0.8902852529427037,26.097178487145477,0.33559703826904297,0.19915947318077087,low,edge
41900409N_87680152W,41.900409,-87.680152,chicago,West Town,0.310350265877787,25.66087082203417,0.6658201217651367,0.33692675828933716,high,centre
41884192N_87663382W,41.884192,-87.663382,chicago,Near West Side,0.8932110222522169,48.23276630473511,0.1809234619140625,0.1422470062971115,low,edge
41957748N_87766549W,41.957748,-87.766549,chicago,Portage Park,0.39754382224055007,25.37363486610627,0.4834766387939453,0.23610571026802063,mid,centre
41902258N_87669312W,41.902258,-87.669312,chicago,West Town,0.9254844341776334,20.41227623403012,0.4163246154785156,0.25357457995414734,mid,edge
41811260N_87612682W,41.81126,-87.612682,chicago,Grand Boulevard,0.9358168804901652,31.04755136930989,0.4201669692993164,0.24433192610740664,mid,edge
41742919N_87545433W,41.742919,-87.545433,chicago,South Chicago,0.4445738666690886,27.694181395488993,0.33864688873291016,0.17466185986995697,low,centre
42143303N_87994131W,42.143303,-87.994131,suburban,"Arlington Heights, IL",0.4830762666533701,2.932209426059383,0.34653568267822266,0.1922999918460846,low,centre
42057648N_88247224W,42.057648,-88.247224,suburban,"Elgin, IL",0.33013048890279606,18.68644768696619,0.6675205230712891,0.3253960609436035,high,centre
41920123N_87840343W,41.920123,-87.840343,suburban,"River Grove, IL",0.8487662322586402,34.391249160472114,0.4252605438232422,0.19047370553016665,mid,edge
42140141N_87792583W,42.140141,-87.792583,suburban,"Northbrook, IL",0.5680227555567399,77.9409860945377,0.6852264404296875,0.3343134820461273,high,centre
41814366N_87872692W,41.814366,-87.872692,suburban,"La Grange, IL",0.7976793596753851,80.49157395653316,0.4671649932861328,0.3216191828250885,mid,edge
41720316N_87729454W,41.720316,-87.729454,suburban,"Oak Lawn, IL",0.4445624888758175,44.67956233424523,0.4070472717285156,0.268705815076828,mid,centre
41781922N_87805658W,41.781922,-87.805658,suburban,"Summit, IL",0.4843249777914025,66.84629237754633,0.4696111679077149,0.2234025597572327,mid,centre
41579762N_87568557W,41.579762,-87.568557,suburban,"South Holland, IL",0.9089578666607849,37.30311268086019,0.5282068252563477,0.31041860580444336,high,edge
42033574N_87750358W,42.033574,-87.750358,suburban,"Skokie, IL",0.6484092893078923,27.038379735230368,0.399226188659668,0.18566426634788513,mid,centre
41823455N_87802670W,41.823455,-87.80267,suburban,"Berwyn, IL",0.8124942222493701,42.32539908534449,0.4249753952026367,0.24621406197547913,mid,edge
41895343N_87915497W,41.895343,-87.915497,suburban,"Berkeley, IL",0.5550492444308475,27.621925285794315,0.496403694152832,0.22189313173294067,high,centre
41730760N_87751884W,41.73076,-87.751884,suburban,"Oak Lawn, IL",0.8875477333203889,16.110883466555375,0.48119068145751953,0.25979459285736084,mid,edge
41893291N_87852914W,41.893291,-87.852914,suburban,"Melrose Park, IL",0.8412487111054361,28.382506011083546,0.32454681396484375,0.22493867576122284,low,edge
42072999N_87825445W,42.072999,-87.825445,suburban,"Glenview, IL",0.8505102221970446,24.18473585630099,0.4769115447998047,0.2081947326660156,mid,edge
41809069N_87798322W,41.809069,-87.798322,suburban,"Forest View, IL",0.5021870709606446,30.18097715804853,0.5190305709838867,0.2623647153377533,high,centre
