id,lat,lon,path,width,height,bands,ground_res_m,ndvi_mean,veg_frac
42019271N_87664576W,42.019271,-87.664576,/imagery/pool_rgbn/crosswalk_42019271N_87664576W.tif,1024,1024,4,0.04888282384362317,0.2873424291610718,0.5517816543579102
41957541N_87751800W,41.957541,-87.7518,/imagery/pool_rgbn/crosswalk_41957541N_87751800W.tif,1024,1024,4,0.04888282384415469,0.2347911298274994,0.3199167251586914
41754665N_87620657W,41.754665,-87.620657,/imagery/pool_rgbn/crosswalk_41754665N_87620657W.tif,1024,1024,4,0.04888282384404885,0.24425745010375977,0.5395851135253906
41814833N_87616736W,41.814833,-87.616736,/imagery/pool_rgbn/crosswalk_41814833N_87616736W.tif,1024,1024,4,0.04888282384354341,0.20093825459480286,0.3155689239501953
41957470N_87715480W,41.95747,-87.71548,/imagery/pool_rgbn/crosswalk_41957470N_87715480W.tif,1024,1024,4,0.048882823843258906,0.23429083824157715,0.4902219772338867
41928673N_87756926W,41.928673,-87.756926,/imagery/pool_rgbn/crosswalk_41928673N_87756926W.tif,1024,1024,4,0.048882823843840205,0.2666165828704834,0.5044631958007812
41845758N_87655449W,41.845758,-87.655449,/imagery/pool_rgbn/crosswalk_41845758N_87655449W.tif,1024,1024,4,0.04888282384359486,0.25993651151657104,0.40967655181884766
41930603N_87749031W,41.930603,-87.749031,/imagery/pool_rgbn/crosswalk_41930603N_87749031W.tif,1024,1024,4,0.04888282384253571,0.23085525631904602,0.46823978424072266
41884192N_87663382W,41.884192,-87.663382,/imagery/pool_rgbn/crosswalk_41884192N_87663382W.tif,1024,1024,4,0.04888282384264374,0.1422470062971115,0.1809234619140625
41726337N_87558077W,41.726337,-87.558077,/imagery/pool_rgbn/crosswalk_41726337N_87558077W.tif,1024,1024,4,0.048882823844990354,0.24462395906448364,0.4747591018676758
41844307N_87628081W,41.844307,-87.628081,/imagery/pool_rgbn/crosswalk_41844307N_87628081W.tif,1024,1024,4,0.04888282384411354,0.2506948709487915,0.39618968963623047
41935122N_87727078W,41.935122,-87.727078,/imagery/pool_rgbn/crosswalk_41935122N_87727078W.tif,1024,1024,4,0.048882823844267606,0.2087719440460205,0.3450908660888672
41935542N_87646634W,41.935542,-87.646634,/imagery/pool_rgbn/crosswalk_41935542N_87646634W.tif,1024,1024,4,0.04888282384212445,0.25830531120300293,0.3822669982910156
41778779N_87676332W,41.778779,-87.676332,/imagery/pool_rgbn/crosswalk_41778779N_87676332W.tif,1024,1024,4,0.04888282384318896,0.296896755695343,0.626220703125
41666504N_87636718W,41.666504,-87.636718,/imagery/pool_rgbn/crosswalk_41666504N_87636718W.tif,1024,1024,4,0.04888282384270421,0.34313082695007324,0.6655721664428711
41855675N_87643742W,41.855675,-87.643742,/imagery/pool_rgbn/crosswalk_41855675N_87643742W.tif,1024,1024,4,0.048882823841928456,0.18398340046405792,0.2978363037109375
41984697N_87696779W,41.984697,-87.696779,/imagery/pool_rgbn/crosswalk_41984697N_87696779W.tif,1024,1024,4,0.04888282384353075,0.26573827862739563,0.4726123809814453
41750889N_87584689W,41.750889,-87.584689,/imagery/pool_rgbn/crosswalk_41750889N_87584689W.tif,1024,1024,4,0.048882823844276634,0.16538813710212708,0.18838214874267578
41762216N_87606118W,41.762216,-87.606118,/imagery/pool_rgbn/crosswalk_41762216N_87606118W.tif,1024,1024,4,0.048882823842125694,0.3470674455165863,0.6328849792480469
41858743N_87734115W,41.858743,-87.734115,/imagery/pool_rgbn/crosswalk_41858743N_87734115W.tif,1024,1024,4,0.04888282384433189,0.18887247145175934,0.26769351959228516
41887440N_87663254W,41.88744,-87.663254,/imagery/pool_rgbn/crosswalk_41887440N_87663254W.tif,1024,1024,4,0.04888282384321791,0.21538256108760834,0.28108787536621094
41695427N_87652204W,41.695427,-87.652204,/imagery/pool_rgbn/crosswalk_41695427N_87652204W.tif,1024,1024,4,0.04888282384481747,0.3143094778060913,0.6176919937133789
41904854N_87731272W,41.904854,-87.731272,/imagery/pool_rgbn/crosswalk_41904854N_87731272W.tif,1024,1024,4,0.04888282384384778,0.21438626945018768,0.38482666015625
41697245N_87524619W,41.697245,-87.524619,/imagery/pool_rgbn/crosswalk_41697245N_87524619W.tif,1024,1024,4,0.048882823843088764,0.23361197113990784,0.523406982421875
41997232N_87720292W,41.997232,-87.720292,/imagery/pool_rgbn/crosswalk_41997232N_87720292W.tif,1024,1024,4,0.04888282384253372,0.21598699688911438,0.29692649841308594
41975324N_87748630W,41.975324,-87.74863,/imagery/pool_rgbn/crosswalk_41975324N_87748630W.tif,1024,1024,4,0.0488828238431669,0.2034103274345398,0.2785053253173828
41778821N_87667878W,41.778821,-87.667878,/imagery/pool_rgbn/crosswalk_41778821N_87667878W.tif,1024,1024,4,0.04888282384250261,0.34814298152923584,0.6682529449462891
41818435N_87617711W,41.818435,-87.617711,/imagery/pool_rgbn/crosswalk_41818435N_87617711W.tif,1024,1024,4,0.048882823843917116,0.19527193903923035,0.3097496032714844
41953066N_87690810W,41.953066,-87.69081,/imagery/pool_rgbn/crosswalk_41953066N_87690810W.tif,1024,1024,4,0.0488828238422461,0.2788265347480774,0.5335464477539062
41975125N_87842769W,41.975125,-87.842769,/imagery/pool_rgbn/crosswalk_41975125N_87842769W.tif,1024,1024,4,0.04888282384421878,0.2776777744293213,0.5345888137817383
41968087N_87742836W,41.968087,-87.742836,/imagery/pool_rgbn/crosswalk_41968087N_87742836W.tif,1024,1024,4,0.04888282384521289,0.16049937903881073,0.27614879608154297
41857686N_87637765W,41.857686,-87.637765,/imagery/pool_rgbn/crosswalk_41857686N_87637765W.tif,1024,1024,4,0.04888282384484352,0.2710384726524353,0.5170888900756836
41931059N_87655749W,41.931059,-87.655749,/imagery/pool_rgbn/crosswalk_41931059N_87655749W.tif,1024,1024,4,0.04888282384419924,0.21144400537014008,0.3407001495361328
41774376N_87765457W,41.774376,-87.765457,/imagery/pool_rgbn/crosswalk_41774376N_87765457W.tif,1024,1024,4,0.048882823844071534,0.21102000772953033,0.3948955535888672
41704353N_87701797W,41.704353,-87.701797,/imagery/pool_rgbn/crosswalk_41704353N_87701797W.tif,1024,1024,4,0.0488828238439946,0.28527137637138367,0.47107887268066406
41980002N_87903744W,41.980002,-87.903744,/imagery/pool_rgbn/crosswalk_41980002N_87903744W.tif,1024,1024,4,0.04888282384371752,0.18091917037963867,0.22387313842773438
41892096N_87613754W,41.892096,-87.613754,/imagery/pool_rgbn/crosswalk_41892096N_87613754W.tif,1024,1024,4,0.04888282384307874,0.19086968898773193,0.4650106430053711
41907961N_87664912W,41.907961,-87.664912,/imagery/pool_rgbn/crosswalk_41907961N_87664912W.tif,1024,1024,4,0.04888282384292059,0.3444701135158539,0.49619197845458984
41872904N_87643842W,41.872904,-87.643842,/imagery/pool_rgbn/crosswalk_41872904N_87643842W.tif,1024,1024,4,0.04888282384251134,0.1265701949596405,0.20809650421142578
41948208N_87726134W,41.948208,-87.726134,/imagery/pool_rgbn/crosswalk_41948208N_87726134W.tif,1024,1024,4,0.04888282384479238,0.22719918191432953,0.5503721237182617
41704540N_87684677W,41.70454,-87.684677,/imagery/pool_rgbn/crosswalk_41704540N_87684677W.tif,1024,1024,4,0.04888282384337528,0.261971116065979,0.4637012481689453
41836068N_87612996W,41.836068,-87.612996,/imagery/pool_rgbn/crosswalk_41836068N_87612996W.tif,1024,1024,4,0.04888282384369907,0.27337226271629333,0.43332386016845703
41983108N_87838218W,41.983108,-87.838218,/imagery/pool_rgbn/crosswalk_41983108N_87838218W.tif,1024,1024,4,0.04888282384382787,0.19284607470035553,0.2283782958984375
41977919N_87675289W,41.977919,-87.675289,/imagery/pool_rgbn/crosswalk_41977919N_87675289W.tif,1024,1024,4,0.048882823844217466,0.24700526893138885,0.4626445770263672
41886563N_87659345W,41.886563,-87.659345,/imagery/pool_rgbn/crosswalk_41886563N_87659345W.tif,1024,1024,4,0.04888282384219825,0.2755623161792755,0.36777591705322266
41961287N_87693566W,41.961287,-87.693566,/imagery/pool_rgbn/crosswalk_41961287N_87693566W.tif,1024,1024,4,0.04888282384441424,0.2516031861305237,0.3869791030883789
41702258N_87532853W,41.702258,-87.532853,/imagery/pool_rgbn/crosswalk_41702258N_87532853W.tif,1024,1024,4,0.04888282384476932,0.2652173340320587,0.4924039840698242
41746514N_87680394W,41.746514,-87.680394,/imagery/pool_rgbn/crosswalk_41746514N_87680394W.tif,1024,1024,4,0.048882823844647115,0.22675594687461853,0.4407949447631836
41953652N_87650621W,41.953652,-87.650621,/imagery/pool_rgbn/crosswalk_41953652N_87650621W.tif,1024,1024,4,0.04888282384384228,0.24703750014305115,0.3866844177246094
41892117N_87686727W,41.892117,-87.686727,/imagery/pool_rgbn/crosswalk_41892117N_87686727W.tif,1024,1024,4,0.04888282384470376,0.21361765265464783,0.2821388244628906
41705490N_87613719W,41.70549,-87.613719,/imagery/pool_rgbn/crosswalk_41705490N_87613719W.tif,1024,1024,4,0.04888282384337997,0.22420603036880493,0.39743900299072266
41734312N_87644701W,41.734312,-87.644701,/imagery/pool_rgbn/crosswalk_41734312N_87644701W.tif,1024,1024,4,0.04888282384330128,0.1981702446937561,0.32610225677490234
41725040N_87649312W,41.72504,-87.649312,/imagery/pool_rgbn/crosswalk_41725040N_87649312W.tif,1024,1024,4,0.048882823844474246,0.15729659795761108,0.2506980895996094
41978191N_87761660W,41.978191,-87.76166,/imagery/pool_rgbn/crosswalk_41978191N_87761660W.tif,1024,1024,4,0.04888282384460023,0.2836386561393738,0.6396112442016602
41726984N_87640325W,41.726984,-87.640325,/imagery/pool_rgbn/crosswalk_41726984N_87640325W.tif,1024,1024,4,0.04888282384290562,0.2894127368927002,0.5712776184082031
41934826N_87773657W,41.934826,-87.773657,/imagery/pool_rgbn/crosswalk_41934826N_87773657W.tif,1024,1024,4,0.04888282384441104,0.21692955493927002,0.38207054138183594
41791848N_87590267W,41.791848,-87.590267,/imagery/pool_rgbn/crosswalk_41791848N_87590267W.tif,1024,1024,4,0.04888282384338787,0.253375381231308,0.46004772186279297
41699138N_87542563W,41.699138,-87.542563,/imagery/pool_rgbn/crosswalk_41699138N_87542563W.tif,1024,1024,4,0.048882823843634016,0.2583881616592407,0.49111270904541016
41911681N_87745488W,41.911681,-87.745488,/imagery/pool_rgbn/crosswalk_41911681N_87745488W.tif,1024,1024,4,0.04888282384298207,0.19745366275310516,0.29816150665283203
41789962N_87699181W,41.789962,-87.699181,/imagery/pool_rgbn/crosswalk_41789962N_87699181W.tif,1024,1024,4,0.048882823843327636,0.23024865984916687,0.4463968276977539
41879877N_87685025W,41.879877,-87.685025,/imagery/pool_rgbn/crosswalk_41879877N_87685025W.tif,1024,1024,4,0.04888282384416863,0.24299222230911255,0.39623451232910156
41758481N_87586394W,41.758481,-87.586394,/imagery/pool_rgbn/crosswalk_41758481N_87586394W.tif,1024,1024,4,0.04888282384481173,0.10460441559553146,0.05214977264404297
41935388N_87799292W,41.935388,-87.799292,/imagery/pool_rgbn/crosswalk_41935388N_87799292W.tif,1024,1024,4,0.04888282384578236,0.22692333161830902,0.43479061126708984
41708971N_87625367W,41.708971,-87.625367,/imagery/pool_rgbn/crosswalk_41708971N_87625367W.tif,1024,1024,4,0.04888282384305524,0.2741251587867737,0.554469108581543
41903483N_87657939W,41.903483,-87.657939,/imagery/pool_rgbn/crosswalk_41903483N_87657939W.tif,1024,1024,4,0.04888282384486485,0.2588781714439392,0.5412998199462891
41869995N_87727751W,41.869995,-87.727751,/imagery/pool_rgbn/crosswalk_41869995N_87727751W.tif,1024,1024,4,0.0488828238427852,0.2509516775608063,0.41520118713378906
41854873N_87732110W,41.854873,-87.73211,/imagery/pool_rgbn/crosswalk_41854873N_87732110W.tif,1024,1024,4,0.04888282384388509,0.22328008711338043,0.46630096435546875
41874346N_87700923W,41.874346,-87.700923,/imagery/pool_rgbn/crosswalk_41874346N_87700923W.tif,1024,1024,4,0.048882823841627274,0.20032814145088196,0.379730224609375
41793617N_87729307W,41.793617,-87.729307,/imagery/pool_rgbn/crosswalk_41793617N_87729307W.tif,1024,1024,4,0.048882823843745635,0.26501667499542236,0.45180416107177734
41793839N_87681294W,41.793839,-87.681294,/imagery/pool_rgbn/crosswalk_41793839N_87681294W.tif,1024,1024,4,0.0488828238433156,0.2445688247680664,0.45571231842041016
41812204N_87669317W,41.812204,-87.669317,/imagery/pool_rgbn/crosswalk_41812204N_87669317W.tif,1024,1024,4,0.048882823842356246,0.25242531299591064,0.4331779479980469
41869301N_87749017W,41.869301,-87.749017,/imagery/pool_rgbn/crosswalk_41869301N_87749017W.tif,1024,1024,4,0.04888282384366761,0.15718206763267517,0.21223068237304688
41726826N_87646406W,41.726826,-87.646406,/imagery/pool_rgbn/crosswalk_41726826N_87646406W.tif,1024,1024,4,0.04888282384462797,0.23269158601760864,0.4231910705566406
41793271N_87595695W,41.793271,-87.595695,/imagery/pool_rgbn/crosswalk_41793271N_87595695W.tif,1024,1024,4,0.048882823842300305,0.24709761142730713,0.48720359802246094
41783833N_87712894W,41.783833,-87.712894,/imagery/pool_rgbn/crosswalk_41783833N_87712894W.tif,1024,1024,4,0.04888282384194403,0.27156615257263184,0.5167341232299805
41746201N_87605094W,41.746201,-87.605094,/imagery/pool_rgbn/crosswalk_41746201N_87605094W.tif,1024,1024,4,0.04888282384364153,0.2769232988357544,0.38288021087646484
41753447N_87574189W,41.753447,-87.574189,/imagery/pool_rgbn/crosswalk_41753447N_87574189W.tif,1024,1024,4,0.04888282384307087,0.2526605725288391,0.5090398788452148
41795319N_87705456W,41.795319,-87.705456,/imagery/pool_rgbn/crosswalk_41795319N_87705456W.tif,1024,1024,4,0.04888282384325434,0.24528023600578308,0.44980430603027344
41746062N_87582363W,41.746062,-87.582363,/imagery/pool_rgbn/crosswalk_41746062N_87582363W.tif,1024,1024,4,0.048882823844241134,0.22889357805252075,0.3908119201660156
41955185N_87752915W,41.955185,-87.752915,/imagery/pool_rgbn/crosswalk_41955185N_87752915W.tif,1024,1024,4,0.04888282384470987,0.2574584484100342,0.4587068557739258
41934664N_87785818W,41.934664,-87.785818,/imagery/pool_rgbn/crosswalk_41934664N_87785818W.tif,1024,1024,4,0.0488828238440878,0.2110651731491089,0.3691873550415039
41945968N_87759384W,41.945968,-87.759384,/imagery/pool_rgbn/crosswalk_41945968N_87759384W.tif,1024,1024,4,0.0488828238446629,0.21796202659606934,0.36287403106689453
41808873N_87616302W,41.808873,-87.616302,/imagery/pool_rgbn/crosswalk_41808873N_87616302W.tif,1024,1024,4,0.04888282384282508,0.30354762077331543,0.42995262145996094
41973088N_87664666W,41.973088,-87.664666,/imagery/pool_rgbn/crosswalk_41973088N_87664666W.tif,1024,1024,4,0.048882823844200514,0.26869624853134155,0.521514892578125
41999124N_87677369W,41.999124,-87.677369,/imagery/pool_rgbn/crosswalk_41999124N_87677369W.tif,1024,1024,4,0.048882823845471865,0.21653741598129272,0.38274097442626953
41972436N_87677051W,41.972436,-87.677051,/imagery/pool_rgbn/crosswalk_41972436N_87677051W.tif,1024,1024,4,0.0488828238435077,0.24474692344665527,0.4876594543457031
41956136N_87669087W,41.956136,-87.669087,/imagery/pool_rgbn/crosswalk_41956136N_87669087W.tif,1024,1024,4,0.04888282384394642,0.2741624712944031,0.4784660339355469
41809634N_87711723W,41.809634,-87.711723,/imagery/pool_rgbn/crosswalk_41809634N_87711723W.tif,1024,1024,4,0.04888282384153007,0.22336465120315552,0.3407602310180664
41705652N_87635532W,41.705652,-87.635532,/imagery/pool_rgbn/crosswalk_41705652N_87635532W.tif,1024,1024,4,0.048882823844769635,0.2692154347896576,0.5147132873535156
41917864N_87778564W,41.917864,-87.778564,/imagery/pool_rgbn/crosswalk_41917864N_87778564W.tif,1024,1024,4,0.04888282384336947,0.2185787558555603,0.415679931640625
41893593N_87694180W,41.893593,-87.69418,/imagery/pool_rgbn/crosswalk_41893593N_87694180W.tif,1024,1024,4,0.04888282384364882,0.21192219853401184,0.3458986282348633
41867395N_87735027W,41.867395,-87.735027,/imagery/pool_rgbn/crosswalk_41867395N_87735027W.tif,1024,1024,4,0.04888282384427669,0.16200494766235352,0.3005237579345703
41742919N_87545433W,41.742919,-87.545433,/imagery/pool_rgbn/crosswalk_41742919N_87545433W.tif,1024,1024,4,0.048882823842728726,0.17466185986995697,0.33864688873291016
41776772N_87728822W,41.776772,-87.728822,/imagery/pool_rgbn/crosswalk_41776772N_87728822W.tif,1024,1024,4,0.048882823843484184,0.23204383254051208,0.4618825912475586
41930094N_87717766W,41.930094,-87.717766,/imagery/pool_rgbn/crosswalk_41930094N_87717766W.tif,1024,1024,4,0.04888282384288174,0.2380875051021576,0.5044975280761719
41776650N_87739190W,41.77665,-87.73919,/imagery/pool_rgbn/crosswalk_41776650N_87739190W.tif,1024,1024,4,0.04888282384415132,0.23347848653793335,0.4078817367553711
41944927N_87806734W,41.944927,-87.806734,/imagery/pool_rgbn/crosswalk_41944927N_87806734W.tif,1024,1024,4,0.048882823843533374,0.2318723499774933,0.43378162384033203
41665104N_87558060W,41.665104,-87.55806,/imagery/pool_rgbn/crosswalk_41665104N_87558060W.tif,1024,1024,4,0.04888282384519585,0.2993927001953125,0.5247049331665039
41900409N_87680152W,41.900409,-87.680152,/imagery/pool_rgbn/crosswalk_41900409N_87680152W.tif,1024,1024,4,0.04888282384400596,0.33692675828933716,0.6658201217651367
41880377N_87654661W,41.880377,-87.654661,/imagery/pool_rgbn/crosswalk_41880377N_87654661W.tif,1024,1024,4,0.04888282384326438,0.2374003529548645,0.4068031311035156
41782298N_87722856W,41.782298,-87.722856,/imagery/pool_rgbn/crosswalk_41782298N_87722856W.tif,1024,1024,4,0.048882823842616385,0.21066386997699738,0.3341236114501953
41882355N_87669330W,41.882355,-87.66933,/imagery/pool_rgbn/crosswalk_41882355N_87669330W.tif,1024,1024,4,0.0488828238439104,0.2034904956817627,0.30706214904785156
41935205N_87745459W,41.935205,-87.745459,/imagery/pool_rgbn/crosswalk_41935205N_87745459W.tif,1024,1024,4,0.04888282384468487,0.2892756462097168,0.6082735061645508
41872876N_87731519W,41.872876,-87.731519,/imagery/pool_rgbn/crosswalk_41872876N_87731519W.tif,1024,1024,4,0.04888282384337333,0.1984986662864685,0.41877079010009766
41687972N_87658464W,41.687972,-87.658464,/imagery/pool_rgbn/crosswalk_41687972N_87658464W.tif,1024,1024,4,0.048882823843263395,0.23365245759487152,0.45377159118652344
41728076N_87565154W,41.728076,-87.565154,/imagery/pool_rgbn/crosswalk_41728076N_87565154W.tif,1024,1024,4,0.048882823845915115,0.24654066562652588,0.44452476501464844
41947130N_87661028W,41.94713,-87.661028,/imagery/pool_rgbn/crosswalk_41947130N_87661028W.tif,1024,1024,4,0.048882823844136,0.24620139598846436,0.4190387725830078
41859577N_87643854W,41.859577,-87.643854,/imagery/pool_rgbn/crosswalk_41859577N_87643854W.tif,1024,1024,4,0.04888282384398749,0.19811324775218964,0.3258085250854492
41946928N_87756354W,41.946928,-87.756354,/imagery/pool_rgbn/crosswalk_41946928N_87756354W.tif,1024,1024,4,0.04888282384332789,0.23032137751579285,0.47248077392578125
41973466N_87750396W,41.973466,-87.750396,/imagery/pool_rgbn/crosswalk_41973466N_87750396W.tif,1024,1024,4,0.048882823844342185,0.2381698191165924,0.48459625244140625
41865662N_87726377W,41.865662,-87.726377,/imagery/pool_rgbn/crosswalk_41865662N_87726377W.tif,1024,1024,4,0.048882823842454716,0.19652262330055237,0.4498281478881836
41755169N_87582178W,41.755169,-87.582178,/imagery/pool_rgbn/crosswalk_41755169N_87582178W.tif,1024,1024,4,0.048882823845100426,0.26898065209388733,0.4974021911621094
41774731N_87746431W,41.774731,-87.746431,/imagery/pool_rgbn/crosswalk_41774731N_87746431W.tif,1024,1024,4,0.04888282384277329,0.21032625436782837,0.3775482177734375
41966713N_87697972W,41.966713,-87.697972,/imagery/pool_rgbn/crosswalk_41966713N_87697972W.tif,1024,1024,4,0.04888282384339637,0.3434407114982605,0.7422647476196289
41834891N_87682985W,41.834891,-87.682985,/imagery/pool_rgbn/crosswalk_41834891N_87682985W.tif,1024,1024,4,0.048882823843353074,0.15164372324943542,0.2485790252685547
41998150N_87692345W,41.99815,-87.692345,/imagery/pool_rgbn/crosswalk_41998150N_87692345W.tif,1024,1024,4,0.04888282384395133,0.34664028882980347,0.614863395690918
41982068N_87786541W,41.982068,-87.786541,/imagery/pool_rgbn/crosswalk_41982068N_87786541W.tif,1024,1024,4,0.048882823845832354,0.2806737422943115,0.5450172424316406
41852900N_87734563W,41.8529,-87.734563,/imagery/pool_rgbn/crosswalk_41852900N_87734563W.tif,1024,1024,4,0.04888282384216073,0.24011170864105225,0.3923072814941406
41986271N_87807808W,41.986271,-87.807808,/imagery/pool_rgbn/crosswalk_41986271N_87807808W.tif,1024,1024,4,0.04888282384392728,0.22088372707366943,0.4170713424682617
41976769N_87799752W,41.976769,-87.799752,/imagery/pool_rgbn/crosswalk_41976769N_87799752W.tif,1024,1024,4,0.04888282384259045,0.20512166619300842,0.3511362075805664
41811260N_87612682W,41.81126,-87.612682,/imagery/pool_rgbn/crosswalk_41811260N_87612682W.tif,1024,1024,4,0.04888282384356019,0.24433192610740662,0.4201669692993164
41966325N_87688831W,41.966325,-87.688831,/imagery/pool_rgbn/crosswalk_41966325N_87688831W.tif,1024,1024,4,0.04888282384267645,0.22153235971927643,0.32543182373046875
42001527N_87770888W,42.001527,-87.770888,/imagery/pool_rgbn/crosswalk_42001527N_87770888W.tif,1024,1024,4,0.04888282384487947,0.25733137130737305,0.635493278503418
41716591N_87643408W,41.716591,-87.643408,/imagery/pool_rgbn/crosswalk_41716591N_87643408W.tif,1024,1024,4,0.048882823844910835,0.22477219998836517,0.4474611282348633
41986455N_87798543W,41.986455,-87.798543,/imagery/pool_rgbn/crosswalk_41986455N_87798543W.tif,1024,1024,4,0.04888282384349854,0.2337578535079956,0.5416078567504883
41737571N_87672851W,41.737571,-87.672851,/imagery/pool_rgbn/crosswalk_41737571N_87672851W.tif,1024,1024,4,0.04888282384417761,0.2451043426990509,0.3947153091430664
41912347N_87699728W,41.912347,-87.699728,/imagery/pool_rgbn/crosswalk_41912347N_87699728W.tif,1024,1024,4,0.04888282384411454,0.23680900037288666,0.49094581604003906
41749234N_87737152W,41.749234,-87.737152,/imagery/pool_rgbn/crosswalk_41749234N_87737152W.tif,1024,1024,4,0.04888282384321626,0.19233770668506622,0.2447671890258789
41793080N_87702315W,41.79308,-87.702315,/imagery/pool_rgbn/crosswalk_41793080N_87702315W.tif,1024,1024,4,0.048882823843590814,0.30584508180618286,0.5423517227172852
41924680N_87766020W,41.92468,-87.76602,/imagery/pool_rgbn/crosswalk_41924680N_87766020W.tif,1024,1024,4,0.04888282384296685,0.24043729901313782,0.3990211486816406
41812503N_87634608W,41.812503,-87.634608,/imagery/pool_rgbn/crosswalk_41812503N_87634608W.tif,1024,1024,4,0.048882823843061,0.2535434365272522,0.5313043594360352
41867009N_87685914W,41.867009,-87.685914,/imagery/pool_rgbn/crosswalk_41867009N_87685914W.tif,1024,1024,4,0.048882823844566464,0.17956072092056274,0.24486351013183594
41860879N_87709177W,41.860879,-87.709177,/imagery/pool_rgbn/crosswalk_41860879N_87709177W.tif,1024,1024,4,0.048882823844303376,0.2053704857826233,0.3623991012573242
41789521N_87606123W,41.789521,-87.606123,/imagery/pool_rgbn/crosswalk_41789521N_87606123W.tif,1024,1024,4,0.04888282384385411,0.26509058475494385,0.46703624725341797
41946582N_87836527W,41.946582,-87.836527,/imagery/pool_rgbn/crosswalk_41946582N_87836527W.tif,1024,1024,4,0.048882823843368464,0.24132969975471497,0.5069751739501953
41699089N_87682009W,41.699089,-87.682009,/imagery/pool_rgbn/crosswalk_41699089N_87682009W.tif,1024,1024,4,0.04888282384371254,0.22136864066123962,0.30916309356689453
41814474N_87668774W,41.814474,-87.668774,/imagery/pool_rgbn/crosswalk_41814474N_87668774W.tif,1024,1024,4,0.04888282384481579,0.2985708713531494,0.5511665344238281
41872828N_87700981W,41.872828,-87.700981,/imagery/pool_rgbn/crosswalk_41872828N_87700981W.tif,1024,1024,4,0.04888282384361925,0.18734726309776306,0.4257688522338867
41939648N_87707620W,41.939648,-87.70762,/imagery/pool_rgbn/crosswalk_41939648N_87707620W.tif,1024,1024,4,0.048882823844271936,0.26526039838790894,0.3983173370361328
41866034N_87767018W,41.866034,-87.767018,/imagery/pool_rgbn/crosswalk_41866034N_87767018W.tif,1024,1024,4,0.04888282384347489,0.2052934318780899,0.3662576675415039
41768708N_87690936W,41.768708,-87.690936,/imagery/pool_rgbn/crosswalk_41768708N_87690936W.tif,1024,1024,4,0.04888282384425755,0.14317408204078674,0.17800426483154297
41930937N_87791792W,41.930937,-87.791792,/imagery/pool_rgbn/crosswalk_41930937N_87791792W.tif,1024,1024,4,0.0488828238433541,0.24272966384887695,0.4130420684814453
41886598N_87690265W,41.886598,-87.690265,/imagery/pool_rgbn/crosswalk_41886598N_87690265W.tif,1024,1024,4,0.04888282384249014,0.28347325325012207,0.5002889633178711
41944472N_87653621W,41.944472,-87.653621,/imagery/pool_rgbn/crosswalk_41944472N_87653621W.tif,1024,1024,4,0.048882823843568936,0.224836528301239,0.3789081573486328
41876481N_87737771W,41.876481,-87.737771,/imagery/pool_rgbn/crosswalk_41876481N_87737771W.tif,1024,1024,4,0.0488828238454141,0.25018197298049927,0.4812755584716797
41996832N_87672722W,41.996832,-87.672722,/imagery/pool_rgbn/crosswalk_41996832N_87672722W.tif,1024,1024,4,0.048882823843054785,0.28566721081733704,0.6815156936645508
41868487N_87670288W,41.868487,-87.670288,/imagery/pool_rgbn/crosswalk_41868487N_87670288W.tif,1024,1024,4,0.048882823842990024,0.32464152574539185,0.5457649230957031
41775661N_87634946W,41.775661,-87.634946,/imagery/pool_rgbn/crosswalk_41775661N_87634946W.tif,1024,1024,4,0.04888282384378717,0.31946033239364624,0.6168804168701172
41783334N_87649131W,41.783334,-87.649131,/imagery/pool_rgbn/crosswalk_41783334N_87649131W.tif,1024,1024,4,0.04888282384521719,0.24659809470176697,0.5004091262817383
41806788N_87706368W,41.806788,-87.706368,/imagery/pool_rgbn/crosswalk_41806788N_87706368W.tif,1024,1024,4,0.04888282384132029,0.16520415246486664,0.2536506652832031
41689777N_87697159W,41.689777,-87.697159,/imagery/pool_rgbn/crosswalk_41689777N_87697159W.tif,1024,1024,4,0.04888282384246106,0.35783851146698,0.7545204162597656
41880291N_87761831W,41.880291,-87.761831,/imagery/pool_rgbn/crosswalk_41880291N_87761831W.tif,1024,1024,4,0.04888282384397037,0.21136508882045746,0.2783193588256836
42000998N_87763128W,42.000998,-87.763128,/imagery/pool_rgbn/crosswalk_42000998N_87763128W.tif,1024,1024,4,0.04888282384343447,0.24220943450927734,0.5545082092285156
41855445N_87671032W,41.855445,-87.671032,/imagery/pool_rgbn/crosswalk_41855445N_87671032W.tif,1024,1024,4,0.04888282384421685,0.2897295355796814,0.5144004821777344
41868101N_87710137W,41.868101,-87.710137,/imagery/pool_rgbn/crosswalk_41868101N_87710137W.tif,1024,1024,4,0.04888282384473904,0.1976514756679535,0.2530364990234375
41728344N_87544246W,41.728344,-87.544246,/imagery/pool_rgbn/crosswalk_41728344N_87544246W.tif,1024,1024,4,0.048882823844262804,0.19499194622039795,0.3634052276611328
41908812N_87770730W,41.908812,-87.77073,/imagery/pool_rgbn/crosswalk_41908812N_87770730W.tif,1024,1024,4,0.04888282384467485,0.26977717876434326,0.4990043640136719
41859697N_87661368W,41.859697,-87.661368,/imagery/pool_rgbn/crosswalk_41859697N_87661368W.tif,1024,1024,4,0.04888282384395885,0.21383339166641235,0.3347930908203125
41873502N_87721117W,41.873502,-87.721117,/imagery/pool_rgbn/crosswalk_41873502N_87721117W.tif,1024,1024,4,0.048882823843827986,0.23344144225120544,0.33666038513183594
41815430N_87666372W,41.81543,-87.666372,/imagery/pool_rgbn/crosswalk_41815430N_87666372W.tif,1024,1024,4,0.04888282384295994,0.2992352843284607,0.5457983016967773
41982914N_87775084W,41.982914,-87.775084,/imagery/pool_rgbn/crosswalk_41982914N_87775084W.tif,1024,1024,4,0.04888282384313302,0.23028922080993652,0.3581523895263672
41854138N_87663661W,41.854138,-87.663661,/imagery/pool_rgbn/crosswalk_41854138N_87663661W.tif,1024,1024,4,0.04888282384372392,0.1968025416135788,0.27783203125
41777440N_87680419W,41.77744,-87.680419,/imagery/pool_rgbn/crosswalk_41777440N_87680419W.tif,1024,1024,4,0.04888282384201712,0.29881447553634644,0.621119499206543
41980023N_87763510W,41.980023,-87.76351,/imagery/pool_rgbn/crosswalk_41980023N_87763510W.tif,1024,1024,4,0.048882823843844105,0.2344309389591217,0.4865293502807617
41972764N_87713495W,41.972764,-87.713495,/imagery/pool_rgbn/crosswalk_41972764N_87713495W.tif,1024,1024,4,0.048882823842542916,0.3271180987358093,0.5652265548706055
41954035N_87688469W,41.954035,-87.688469,/imagery/pool_rgbn/crosswalk_41954035N_87688469W.tif,1024,1024,4,0.048882823843836375,0.19104981422424316,0.3070716857910156
41764685N_87649252W,41.764685,-87.649252,/imagery/pool_rgbn/crosswalk_41764685N_87649252W.tif,1024,1024,4,0.04888282384391099,0.278036892414093,0.4878053665161133
41887903N_87620699W,41.887903,-87.620699,/imagery/pool_rgbn/crosswalk_41887903N_87620699W.tif,1024,1024,4,0.0488828238447522,0.3078628480434418,0.7076406478881836
41873681N_87742574W,41.873681,-87.742574,/imagery/pool_rgbn/crosswalk_41873681N_87742574W.tif,1024,1024,4,0.048882823842004874,0.26272937655448914,0.4135618209838867
41769211N_87589520W,41.769211,-87.58952,/imagery/pool_rgbn/crosswalk_41769211N_87589520W.tif,1024,1024,4,0.04888282384549166,0.2653055787086487,0.5930461883544922
41784605N_87779090W,41.784605,-87.77909,/imagery/pool_rgbn/crosswalk_41784605N_87779090W.tif,1024,1024,4,0.04888282384409163,0.246422678232193,0.4421062469482422
41902258N_87669312W,41.902258,-87.669312,/imagery/pool_rgbn/crosswalk_41902258N_87669312W.tif,1024,1024,4,0.048882823843686384,0.25357457995414734,0.4163246154785156
41728696N_87557059W,41.728696,-87.557059,/imagery/pool_rgbn/crosswalk_41728696N_87557059W.tif,1024,1024,4,0.04888282384509605,0.24084004759788513,0.48202991485595703
41909263N_87775174W,41.909263,-87.775174,/imagery/pool_rgbn/crosswalk_41909263N_87775174W.tif,1024,1024,4,0.04888282384492338,0.23106184601783752,0.420806884765625
41786395N_87694336W,41.786395,-87.694336,/imagery/pool_rgbn/crosswalk_41786395N_87694336W.tif,1024,1024,4,0.04888282384326751,0.1552913337945938,0.23776626586914062
41881514N_87663693W,41.881514,-87.663693,/imagery/pool_rgbn/crosswalk_41881514N_87663693W.tif,1024,1024,4,0.048882823842268615,0.16557246446609497,0.24394798278808594
41765023N_87656546W,41.765023,-87.656546,/imagery/pool_rgbn/crosswalk_41765023N_87656546W.tif,1024,1024,4,0.04888282384169976,0.20642444491386414,0.37234020233154297
41788973N_87767042W,41.788973,-87.767042,/imagery/pool_rgbn/crosswalk_41788973N_87767042W.tif,1024,1024,4,0.048882823843427806,0.24021723866462708,0.48366737365722656
42017096N_87809027W,42.017096,-87.809027,/imagery/pool_rgbn/crosswalk_42017096N_87809027W.tif,1024,1024,4,0.04888282384383925,0.1951674222946167,0.35759830474853516
41766865N_87720018W,41.766865,-87.720018,/imagery/pool_rgbn/crosswalk_41766865N_87720018W.tif,1024,1024,4,0.048882823843177936,0.35052061080932617,0.6419620513916016
41906206N_87670027W,41.906206,-87.670027,/imagery/pool_rgbn/crosswalk_41906206N_87670027W.tif,1024,1024,4,0.04888282384439994,0.1574285328388214,0.19854450225830078
41705453N_87668746W,41.705453,-87.668746,/imagery/pool_rgbn/crosswalk_41705453N_87668746W.tif,1024,1024,4,0.048882823844245166,0.29579979181289673,0.5507707595825195
41758382N_87559254W,41.758382,-87.559254,/imagery/pool_rgbn/crosswalk_41758382N_87559254W.tif,1024,1024,4,0.04888282384302138,0.19331881403923035,0.3265562057495117
41944376N_87778881W,41.944376,-87.778881,/imagery/pool_rgbn/crosswalk_41944376N_87778881W.tif,1024,1024,4,0.04888282384587687,0.22464150190353394,0.44180870056152344
41946275N_87687026W,41.946275,-87.687026,/imagery/pool_rgbn/crosswalk_41946275N_87687026W.tif,1024,1024,4,0.048882823841792156,0.26841065287590027,0.502751350402832
41707077N_87631347W,41.707077,-87.631347,/imagery/pool_rgbn/crosswalk_41707077N_87631347W.tif,1024,1024,4,0.04888282384399315,0.2154041975736618,0.3484659194946289
41791684N_87702990W,41.791684,-87.70299,/imagery/pool_rgbn/crosswalk_41791684N_87702990W.tif,1024,1024,4,0.048882823843243196,0.15988175570964813,0.2776165008544922
41769066N_87630905W,41.769066,-87.630905,/imagery/pool_rgbn/crosswalk_41769066N_87630905W.tif,1024,1024,4,0.04888282384341755,0.2782515287399292,0.44447994232177734
41908782N_87773152W,41.908782,-87.773152,/imagery/pool_rgbn/crosswalk_41908782N_87773152W.tif,1024,1024,4,0.0488828238444078,0.26014429330825806,0.49822235107421875
41923847N_87774500W,41.923847,-87.7745,/imagery/pool_rgbn/crosswalk_41923847N_87774500W.tif,1024,1024,4,0.04888282384440637,0.20760565996170044,0.34728336334228516
41666948N_87637342W,41.666948,-87.637342,/imagery/pool_rgbn/crosswalk_41666948N_87637342W.tif,1024,1024,4,0.048882823842737406,0.23172327876091003,0.4208049774169922
41880144N_87730550W,41.880144,-87.73055,/imagery/pool_rgbn/crosswalk_41880144N_87730550W.tif,1024,1024,4,0.04888282384325224,0.2726282775402069,0.5676422119140625
41971626N_87841032W,41.971626,-87.841032,/imagery/pool_rgbn/crosswalk_41971626N_87841032W.tif,1024,1024,4,0.04888282384287952,0.23956680297851562,0.42871761322021484
41995569N_87674938W,41.995569,-87.674938,/imagery/pool_rgbn/crosswalk_41995569N_87674938W.tif,1024,1024,4,0.04888282384372699,0.22675831615924835,0.4414997100830078
41758874N_87580951W,41.758874,-87.580951,/imagery/pool_rgbn/crosswalk_41758874N_87580951W.tif,1024,1024,4,0.048882823842921225,0.1396636962890625,0.23198318481445312
41962701N_87654020W,41.962701,-87.65402,/imagery/pool_rgbn/crosswalk_41962701N_87654020W.tif,1024,1024,4,0.048882823842754185,0.2886413633823395,0.5141315460205078
41894932N_87749807W,41.894932,-87.749807,/imagery/pool_rgbn/crosswalk_41894932N_87749807W.tif,1024,1024,4,0.048882823843475,0.1939523071050644,0.25725746154785156
41907182N_87674600W,41.907182,-87.6746,/imagery/pool_rgbn/crosswalk_41907182N_87674600W.tif,1024,1024,4,0.048882823842639464,0.29689931869506836,0.5008316040039062
41740919N_87714325W,41.740919,-87.714325,/imagery/pool_rgbn/crosswalk_41740919N_87714325W.tif,1024,1024,4,0.04888282384422351,0.19967736303806305,0.3004627227783203
41943807N_87788098W,41.943807,-87.788098,/imagery/pool_rgbn/crosswalk_41943807N_87788098W.tif,1024,1024,4,0.04888282384452219,0.24740079045295715,0.49339962005615234
41943338N_87669375W,41.943338,-87.669375,/imagery/pool_rgbn/crosswalk_41943338N_87669375W.tif,1024,1024,4,0.04888282384385446,0.2842867374420166,0.4135856628417969
41972325N_87684165W,41.972325,-87.684165,/imagery/pool_rgbn/crosswalk_41972325N_87684165W.tif,1024,1024,4,0.048882823843997496,0.2725529968738556,0.6214780807495117
41951768N_87734660W,41.951768,-87.73466,/imagery/pool_rgbn/crosswalk_41951768N_87734660W.tif,1024,1024,4,0.04888282384370839,0.20471487939357758,0.4404335021972656
41702533N_87701212W,41.702533,-87.701212,/imagery/pool_rgbn/crosswalk_41702533N_87701212W.tif,1024,1024,4,0.04888282384322648,0.21852651238441467,0.42854976654052734
41998450N_87799623W,41.99845,-87.799623,/imagery/pool_rgbn/crosswalk_41998450N_87799623W.tif,1024,1024,4,0.04888282384493501,0.22168409824371338,0.5159521102905273
41767622N_87731622W,41.767622,-87.731622,/imagery/pool_rgbn/crosswalk_41767622N_87731622W.tif,1024,1024,4,0.04888282384482765,0.22999073565006256,0.3226814270019531
41726423N_87553921W,41.726423,-87.553921,/imagery/pool_rgbn/crosswalk_41726423N_87553921W.tif,1024,1024,4,0.04888282384417924,0.11484536528587341,0.14655303955078125
41969609N_87747843W,41.969609,-87.747843,/imagery/pool_rgbn/crosswalk_41969609N_87747843W.tif,1024,1024,4,0.04888282384465461,0.22096467018127441,0.4433555603027344
41901825N_87715504W,41.901825,-87.715504,/imagery/pool_rgbn/crosswalk_41901825N_87715504W.tif,1024,1024,4,0.048882823844798404,0.2135535031557083,0.4299640655517578
41786085N_87591466W,41.786085,-87.591466,/imagery/pool_rgbn/crosswalk_41786085N_87591466W.tif,1024,1024,4,0.048882823843735046,0.2728915810585022,0.524012565612793
41737325N_87702057W,41.737325,-87.702057,/imagery/pool_rgbn/crosswalk_41737325N_87702057W.tif,1024,1024,4,0.048882823843903786,0.14304909110069275,0.35280799865722656
41912372N_87697059W,41.912372,-87.697059,/imagery/pool_rgbn/crosswalk_41912372N_87697059W.tif,1024,1024,4,0.04888282384267892,0.23831507563591003,0.46756553649902344
41696945N_87708382W,41.696945,-87.708382,/imagery/pool_rgbn/crosswalk_41696945N_87708382W.tif,1024,1024,4,0.04888282384474122,0.2651098966598511,0.569911003112793
41690910N_87649636W,41.69091,-87.649636,/imagery/pool_rgbn/crosswalk_41690910N_87649636W.tif,1024,1024,4,0.04888282384441888,0.2998085618019104,0.6059951782226562
41902215N_87752085W,41.902215,-87.752085,/imagery/pool_rgbn/crosswalk_41902215N_87752085W.tif,1024,1024,4,0.04888282384271574,0.2179139107465744,0.32883644104003906
41686660N_87622935W,41.68666,-87.622935,/imagery/pool_rgbn/crosswalk_41686660N_87622935W.tif,1024,1024,4,0.04888282384350614,0.2833172678947449,0.45743656158447266
41702437N_87709172W,41.702437,-87.709172,/imagery/pool_rgbn/crosswalk_41702437N_87709172W.tif,1024,1024,4,0.04888282384315786,0.22459018230438232,0.3833293914794922
41855045N_87720529W,41.855045,-87.720529,/imagery/pool_rgbn/crosswalk_41855045N_87720529W.tif,1024,1024,4,0.04888282384389808,0.2345132678747177,0.45677947998046875
41912886N_87639348W,41.912886,-87.639348,/imagery/pool_rgbn/crosswalk_41912886N_87639348W.tif,1024,1024,4,0.04888282384150823,0.2731753885746002,0.5804853439331055
41957748N_87766549W,41.957748,-87.766549,/imagery/pool_rgbn/crosswalk_41957748N_87766549W.tif,1024,1024,4,0.04888282384215879,0.23610571026802063,0.4834766387939453
41694889N_87658674W,41.694889,-87.658674,/imagery/pool_rgbn/crosswalk_41694889N_87658674W.tif,1024,1024,4,0.04888282384291092,0.2684282064437866,0.5712499618530273
41816362N_87724583W,41.816362,-87.724583,/imagery/pool_rgbn/crosswalk_41816362N_87724583W.tif,1024,1024,4,0.048882823842731606,0.26570993661880493,0.5098743438720703
41938526N_87737024W,41.938526,-87.737024,/imagery/pool_rgbn/crosswalk_41938526N_87737024W.tif,1024,1024,4,0.048882823843748854,0.20183700323104858,0.35560035705566406
41780485N_87599162W,41.780485,-87.599162,/imagery/pool_rgbn/crosswalk_41780485N_87599162W.tif,1024,1024,4,0.048882823842981094,0.1868979036808014,0.358917236328125
41951870N_87724503W,41.95187,-87.724503,/imagery/pool_rgbn/crosswalk_41951870N_87724503W.tif,1024,1024,4,0.04888282384434784,0.23874324560165405,0.548492431640625
41948494N_87701767W,41.948494,-87.701767,/imagery/pool_rgbn/crosswalk_41948494N_87701767W.tif,1024,1024,4,0.048882823843333575,0.23788151144981384,0.5204010009765625
41933607N_87729481W,41.933607,-87.729481,/imagery/pool_rgbn/crosswalk_41933607N_87729481W.tif,1024,1024,4,0.04888282384481767,0.3167406916618347,0.5402412414550781
41902782N_87748429W,41.902782,-87.748429,/imagery/pool_rgbn/crosswalk_41902782N_87748429W.tif,1024,1024,4,0.048882823843097147,0.2203584909439087,0.38451385498046875
41922136N_87767130W,41.922136,-87.76713,/imagery/pool_rgbn/crosswalk_41922136N_87767130W.tif,1024,1024,4,0.04888282384341361,0.2265205830335617,0.4121055603027344
41771612N_87707806W,41.771612,-87.707806,/imagery/pool_rgbn/crosswalk_41771612N_87707806W.tif,1024,1024,4,0.048882823843454236,0.248415008187294,0.5676698684692383
41736966N_87587856W,41.736966,-87.587856,/imagery/pool_rgbn/crosswalk_41736966N_87587856W.tif,1024,1024,4,0.04888282384387058,0.16415347158908844,0.26990222930908203
41884025N_87725753W,41.884025,-87.725753,/imagery/pool_rgbn/crosswalk_41884025N_87725753W.tif,1024,1024,4,0.04888282384251149,0.1986498087644577,0.24954509735107422
41980265N_87793852W,41.980265,-87.793852,/imagery/pool_rgbn/crosswalk_41980265N_87793852W.tif,1024,1024,4,0.04888282384290282,0.25305724143981934,0.49196624755859375
41749475N_87692614W,41.749475,-87.692614,/imagery/pool_rgbn/crosswalk_41749475N_87692614W.tif,1024,1024,4,0.04888282384511793,0.2533172070980072,0.46491050720214844
41871770N_87714985W,41.87177,-87.714985,/imagery/pool_rgbn/crosswalk_41871770N_87714985W.tif,1024,1024,4,0.04888282384427423,0.26630502939224243,0.517176628112793
41782317N_87598678W,41.782317,-87.598678,/imagery/pool_rgbn/crosswalk_41782317N_87598678W.tif,1024,1024,4,0.04888282384428279,0.28610163927078247,0.458953857421875
41813344N_87725634W,41.813344,-87.725634,/imagery/pool_rgbn/crosswalk_41813344N_87725634W.tif,1024,1024,4,0.04888282384326817,0.2482765167951584,0.5166301727294922
41994933N_87884632W,41.994933,-87.884632,/imagery/pool_rgbn/crosswalk_41994933N_87884632W.tif,1024,1024,4,0.04888282384252527,0.1139914020895958,0.10919952392578125
41768913N_87640216W,41.768913,-87.640216,/imagery/pool_rgbn/crosswalk_41768913N_87640216W.tif,1024,1024,4,0.04888282384497,0.17731018364429474,0.33391761779785156
41950824N_87802296W,41.950824,-87.802296,/imagery/pool_rgbn/crosswalk_41950824N_87802296W.tif,1024,1024,4,0.04888282384216645,0.2275254726409912,0.44095516204833984
41785115N_87651603W,41.785115,-87.651603,/imagery/pool_rgbn/crosswalk_41785115N_87651603W.tif,1024,1024,4,0.048882823844333644,0.257757306098938,0.6091995239257812
41852796N_87638539W,41.852796,-87.638539,/imagery/pool_rgbn/crosswalk_41852796N_87638539W.tif,1024,1024,4,0.048882823841892346,0.2070266306400299,0.3309774398803711
41825916N_87667831W,41.825916,-87.667831,/imagery/pool_rgbn/crosswalk_41825916N_87667831W.tif,1024,1024,4,0.048882823844601866,0.27319270372390747,0.4215993881225586
41723686N_87616615W,41.723686,-87.616615,/imagery/pool_rgbn/crosswalk_41723686N_87616615W.tif,1024,1024,4,0.048882823843237146,0.20402875542640686,0.4125795364379883
41999104N_87670960W,41.999104,-87.67096,/imagery/pool_rgbn/crosswalk_41999104N_87670960W.tif,1024,1024,4,0.04888282384441959,0.16463014483451843,0.20949840545654297
41820624N_87694579W,41.820624,-87.694579,/imagery/pool_rgbn/crosswalk_41820624N_87694579W.tif,1024,1024,4,0.048882823843551734,0.30938974022865295,0.490020751953125
41866094N_87672819W,41.866094,-87.672819,/imagery/pool_rgbn/crosswalk_41866094N_87672819W.tif,1024,1024,4,0.04888282384475327,0.23478853702545166,0.4675121307373047
41935686N_87709965W,41.935686,-87.709965,/imagery/pool_rgbn/crosswalk_41935686N_87709965W.tif,1024,1024,4,0.04888282384205132,0.263775497674942,0.5218696594238281
41995671N_87706859W,41.995671,-87.706859,/imagery/pool_rgbn/crosswalk_41995671N_87706859W.tif,1024,1024,4,0.04888282384326704,0.24562430381774902,0.5109386444091797
41731610N_87667885W,41.73161,-87.667885,/imagery/pool_rgbn/crosswalk_41731610N_87667885W.tif,1024,1024,4,0.04888282384472653,0.31769853830337524,0.6349925994873047
41853597N_87737079W,41.853597,-87.737079,/imagery/pool_rgbn/crosswalk_41853597N_87737079W.tif,1024,1024,4,0.0488828238436845,0.21382305026054382,0.36340808868408203
41805012N_87661836W,41.805012,-87.661836,/imagery/pool_rgbn/crosswalk_41805012N_87661836W.tif,1024,1024,4,0.048882823841936686,0.2498527467250824,0.6013126373291016
41857472N_87662678W,41.857472,-87.662678,/imagery/pool_rgbn/crosswalk_41857472N_87662678W.tif,1024,1024,4,0.04888282384338805,0.28756117820739746,0.4484214782714844
41847826N_87692878W,41.847826,-87.692878,/imagery/pool_rgbn/crosswalk_41847826N_87692878W.tif,1024,1024,4,0.04888282384235819,0.2621009349822998,0.4602632522583008
41908070N_87727074W,41.90807,-87.727074,/imagery/pool_rgbn/crosswalk_41908070N_87727074W.tif,1024,1024,4,0.04888282384494662,0.2812636196613312,0.47565364837646484
41779297N_87698343W,41.779297,-87.698343,/imagery/pool_rgbn/crosswalk_41779297N_87698343W.tif,1024,1024,4,0.04888282384487851,0.2393684685230255,0.34969615936279297
41874372N_87651810W,41.874372,-87.65181,/imagery/pool_rgbn/crosswalk_41874372N_87651810W.tif,1024,1024,4,0.048882823843697694,0.25404074788093567,0.47516727447509766
41891875N_87615198W,41.891875,-87.615198,/imagery/pool_rgbn/crosswalk_41891875N_87615198W.tif,1024,1024,4,0.04888282384337939,0.31658804416656494,0.7081260681152344
41868567N_87625958W,41.868567,-87.625958,/imagery/pool_rgbn/crosswalk_41868567N_87625958W.tif,1024,1024,4,0.04888282384246554,0.20550714433193207,0.29918479919433594
41715556N_87676452W,41.715556,-87.676452,/imagery/pool_rgbn/crosswalk_41715556N_87676452W.tif,1024,1024,4,0.048882823842872104,0.29636067152023315,0.6196966171264648
41967013N_87672548W,41.967013,-87.672548,/imagery/pool_rgbn/crosswalk_41967013N_87672548W.tif,1024,1024,4,0.04888282384310945,0.3066805601119995,0.5830278396606445
41684882N_87714669W,41.684882,-87.714669,/imagery/pool_rgbn/crosswalk_41684882N_87714669W.tif,1024,1024,4,0.04888282384456552,0.23127508163452148,0.4321260452270508
41791068N_87715737W,41.791068,-87.715737,/imagery/pool_rgbn/crosswalk_41791068N_87715737W.tif,1024,1024,4,0.04888282384366045,0.2976849377155304,0.5644693374633789
41685333N_87615446W,41.685333,-87.615446,/imagery/pool_rgbn/crosswalk_41685333N_87615446W.tif,1024,1024,4,0.04888282384301934,0.1916775405406952,0.27117347717285156
42019257N_87665265W,42.019257,-87.665265,/imagery/pool_rgbn/crosswalk_42019257N_87665265W.tif,1024,1024,4,0.048882823843360575,0.21973024308681488,0.3750009536743164
41721333N_87617759W,41.721333,-87.617759,/imagery/pool_rgbn/crosswalk_41721333N_87617759W.tif,1024,1024,4,0.04888282384363308,0.32264167070388794,0.5307102203369141
41891187N_87756701W,41.891187,-87.756701,/imagery/pool_rgbn/crosswalk_41891187N_87756701W.tif,1024,1024,4,0.048882823843556605,0.24997174739837646,0.5426101684570312
41776667N_87625132W,41.776667,-87.625132,/imagery/pool_rgbn/crosswalk_41776667N_87625132W.tif,1024,1024,4,0.048882823844215155,0.18149782717227936,0.23050212860107422
41912093N_87693380W,41.912093,-87.69338,/imagery/pool_rgbn/crosswalk_41912093N_87693380W.tif,1024,1024,4,0.04888282384362386,0.30643773078918457,0.6037368774414062
41864091N_87624839W,41.864091,-87.624839,/imagery/pool_rgbn/crosswalk_41864091N_87624839W.tif,1024,1024,4,0.04888282384217697,0.35728204250335693,0.7209033966064453
41830918N_87669189W,41.830918,-87.669189,/imagery/pool_rgbn/crosswalk_41830918N_87669189W.tif,1024,1024,4,0.04888282384429373,0.3578527867794037,0.578648567199707
41911211N_87764894W,41.911211,-87.764894,/imagery/pool_rgbn/crosswalk_41911211N_87764894W.tif,1024,1024,4,0.04888282384434246,0.2340651899576187,0.4332265853881836
41993916N_87704364W,41.993916,-87.704364,/imagery/pool_rgbn/crosswalk_41993916N_87704364W.tif,1024,1024,4,0.04888282384363788,0.2590925097465515,0.501734733581543
41693671N_87540710W,41.693671,-87.54071,/imagery/pool_rgbn/crosswalk_41693671N_87540710W.tif,1024,1024,4,0.048882823843901586,0.2369638830423355,0.4197559356689453
41758713N_87592618W,41.758713,-87.592618,/imagery/pool_rgbn/crosswalk_41758713N_87592618W.tif,1024,1024,4,0.04888282384385091,0.12710866332054138,0.22296524047851562
41952295N_87681738W,41.952295,-87.681738,/imagery/pool_rgbn/crosswalk_41952295N_87681738W.tif,1024,1024,4,0.048882823842199004,0.28050118684768677,0.5852231979370117
41783491N_87705691W,41.783491,-87.705691,/imagery/pool_rgbn/crosswalk_41783491N_87705691W.tif,1024,1024,4,0.048882823843426126,0.2551363408565521,0.473968505859375
41722314N_87578381W,41.722314,-87.578381,/imagery/pool_rgbn/crosswalk_41722314N_87578381W.tif,1024,1024,4,0.04888282384460437,0.195765882730484,0.2686443328857422
41882001N_87686452W,41.882001,-87.686452,/imagery/pool_rgbn/crosswalk_41882001N_87686452W.tif,1024,1024,4,0.04888282384287607,0.15913346409797668,0.1565694808959961
41926949N_87751334W,41.926949,-87.751334,/imagery/pool_rgbn/crosswalk_41926949N_87751334W.tif,1024,1024,4,0.048882823842523786,0.2249307483434677,0.48424339294433594
41953866N_87712667W,41.953866,-87.712667,/imagery/pool_rgbn/crosswalk_41953866N_87712667W.tif,1024,1024,4,0.04888282384251254,0.23171862959861755,0.41242122650146484
41926703N_87689542W,41.926703,-87.689542,/imagery/pool_rgbn/crosswalk_41926703N_87689542W.tif,1024,1024,4,0.04888282384500689,0.2839537560939789,0.565098762512207
41697036N_87536482W,41.697036,-87.536482,/imagery/pool_rgbn/crosswalk_41697036N_87536482W.tif,1024,1024,4,0.04888282384350169,0.21215850114822388,0.3282184600830078
41989939N_87755451W,41.989939,-87.755451,/imagery/pool_rgbn/crosswalk_41989939N_87755451W.tif,1024,1024,4,0.04888282384257101,0.22518707811832428,0.519770622253418
41868177N_87656721W,41.868177,-87.656721,/imagery/pool_rgbn/crosswalk_41868177N_87656721W.tif,1024,1024,4,0.04888282384403072,0.32092276215553284,0.5464239120483398
41931503N_87755918W,41.931503,-87.755918,/imagery/pool_rgbn/crosswalk_41931503N_87755918W.tif,1024,1024,4,0.04888282384285064,0.2295718789100647,0.4433755874633789
41803104N_87621083W,41.803104,-87.621083,/imagery/pool_rgbn/crosswalk_41803104N_87621083W.tif,1024,1024,4,0.04888282384238334,0.24093735218048096,0.4372739791870117
41768695N_87672422W,41.768695,-87.672422,/imagery/pool_rgbn/crosswalk_41768695N_87672422W.tif,1024,1024,4,0.048882823844918676,0.2201552391052246,0.39440441131591797
41910236N_87665325W,41.910236,-87.665325,/imagery/pool_rgbn/crosswalk_41910236N_87665325W.tif,1024,1024,4,0.04888282384372107,0.32457196712493896,0.5070571899414062
41768379N_87618559W,41.768379,-87.618559,/imagery/pool_rgbn/crosswalk_41768379N_87618559W.tif,1024,1024,4,0.04888282384196947,0.26029354333877563,0.44271087646484375
41789261N_87621515W,41.789261,-87.621515,/imagery/pool_rgbn/crosswalk_41789261N_87621515W.tif,1024,1024,4,0.04888282384259545,0.19915947318077087,0.33559703826904297
41811727N_87704112W,41.811727,-87.704112,/imagery/pool_rgbn/crosswalk_41811727N_87704112W.tif,1024,1024,4,0.04888282384239104,0.2527627646923065,0.44613075256347656
41838216N_87652680W,41.838216,-87.65268,/imagery/pool_rgbn/crosswalk_41838216N_87652680W.tif,1024,1024,4,0.0488828238443766,0.2772413194179535,0.4777097702026367
41742045N_87610632W,41.742045,-87.610632,/imagery/pool_rgbn/crosswalk_41742045N_87610632W.tif,1024,1024,4,0.04888282384318479,0.24727840721607208,0.4931144714355469
41700014N_87613573W,41.700014,-87.613573,/imagery/pool_rgbn/crosswalk_41700014N_87613573W.tif,1024,1024,4,0.048882823842972475,0.16501474380493164,0.2527332305908203
41814130N_87704218W,41.81413,-87.704218,/imagery/pool_rgbn/crosswalk_41814130N_87704218W.tif,1024,1024,4,0.048882823844857294,0.22137659788131714,0.26320362091064453
41827307N_87631419W,41.827307,-87.631419,/imagery/pool_rgbn/crosswalk_41827307N_87631419W.tif,1024,1024,4,0.048882823843706,0.2746545374393463,0.4360618591308594
41784624N_87642490W,41.784624,-87.64249,/imagery/pool_rgbn/crosswalk_41784624N_87642490W.tif,1024,1024,4,0.04888282384406295,0.28477081656455994,0.5936985015869141
41879333N_87689983W,41.879333,-87.689983,/imagery/pool_rgbn/crosswalk_41879333N_87689983W.tif,1024,1024,4,0.048882823843313085,0.1895216554403305,0.4996662139892578
41759218N_87555792W,41.759218,-87.555792,/imagery/pool_rgbn/crosswalk_41759218N_87555792W.tif,1024,1024,4,0.0488828238429227,0.1915726661682129,0.351409912109375
41497002N_87733589W,41.497002,-87.733589,/imagery/pool_rgbn/crosswalk_41497002N_87733589W.tif,1024,1024,4,0.04888282384364574,0.21772027015686035,0.43146800994873047
42085203N_87702847W,42.085203,-87.702847,/imagery/pool_rgbn/crosswalk_42085203N_87702847W.tif,1024,1024,4,0.04888282384359975,0.22092831134796143,0.5369377136230469
41730760N_87751884W,41.73076,-87.751884,/imagery/pool_rgbn/crosswalk_41730760N_87751884W.tif,1024,1024,4,0.048882823842767965,0.25979459285736084,0.48119068145751953
41608588N_87769244W,41.608588,-87.769244,/imagery/pool_rgbn/crosswalk_41608588N_87769244W.tif,1024,1024,4,0.04888282384287528,0.2207632213830948,0.41485595703125
42102205N_87965032W,42.102205,-87.965032,/imagery/pool_rgbn/crosswalk_42102205N_87965032W.tif,1024,1024,4,0.0488828238431977,0.22796133160591125,0.3081474304199219
41908187N_87851771W,41.908187,-87.851771,/imagery/pool_rgbn/crosswalk_41908187N_87851771W.tif,1024,1024,4,0.04888282384226052,0.20966412127017975,0.2916984558105469
42029407N_87817379W,42.029407,-87.817379,/imagery/pool_rgbn/crosswalk_42029407N_87817379W.tif,1024,1024,4,0.04888282384397747,0.2239622175693512,0.4108743667602539
41820638N_87872517W,41.820638,-87.872517,/imagery/pool_rgbn/crosswalk_41820638N_87872517W.tif,1024,1024,4,0.04888282384235701,0.2892991602420807,0.5707502365112305
42006724N_88203201W,42.006724,-88.203201,/imagery/pool_rgbn/crosswalk_42006724N_88203201W.tif,1024,1024,4,0.04888282384353171,0.16857662796974182,0.3276348114013672
42028787N_87755932W,42.028787,-87.755932,/imagery/pool_rgbn/crosswalk_42028787N_87755932W.tif,1024,1024,4,0.04888282384549313,0.2666224241256714,0.5433330535888672
41637133N_87604543W,41.637133,-87.604543,/imagery/pool_rgbn/crosswalk_41637133N_87604543W.tif,1024,1024,4,0.048882823843045,0.13516101241111755,0.23463916778564453
42139099N_87941603W,42.139099,-87.941603,/imagery/pool_rgbn/crosswalk_42139099N_87941603W.tif,1024,1024,4,0.04888282384402198,0.18267196416854858,0.3248624801635742
42021808N_87846302W,42.021808,-87.846302,/imagery/pool_rgbn/crosswalk_42021808N_87846302W.tif,1024,1024,4,0.04888282384373961,0.19705255329608917,0.29906368255615234
42003539N_88183790W,42.003539,-88.18379,/imagery/pool_rgbn/crosswalk_42003539N_88183790W.tif,1024,1024,4,0.04888282384360264,0.21915388107299805,0.41620540618896484
42007043N_87992154W,42.007043,-87.992154,/imagery/pool_rgbn/crosswalk_42007043N_87992154W.tif,1024,1024,4,0.04888282384371133,0.20145826041698456,0.32927513122558594
41802883N_87889400W,41.802883,-87.8894,/imagery/pool_rgbn/crosswalk_41802883N_87889400W.tif,1024,1024,4,0.04888282384425752,0.23858541250228882,0.38472557067871094
42143303N_87994131W,42.143303,-87.994131,/imagery/pool_rgbn/crosswalk_42143303N_87994131W.tif,1024,1024,4,0.04888282384328649,0.1922999918460846,0.34653568267822266
42062715N_87769972W,42.062715,-87.769972,/imagery/pool_rgbn/crosswalk_42062715N_87769972W.tif,1024,1024,4,0.04888282384388826,0.2465384304523468,0.4537773132324219
42015717N_88134538W,42.015717,-88.134538,/imagery/pool_rgbn/crosswalk_42015717N_88134538W.tif,1024,1024,4,0.04888282384242165,0.25959038734436035,0.49636077880859375
41884500N_87807521W,41.8845,-87.807521,/imagery/pool_rgbn/crosswalk_41884500N_87807521W.tif,1024,1024,4,0.048882823845130964,0.23689743876457214,0.5113019943237305
42045021N_87879640W,42.045021,-87.87964,/imagery/pool_rgbn/crosswalk_42045021N_87879640W.tif,1024,1024,4,0.04888282384415701,0.15949147939682007,0.3088417053222656
42038027N_87883288W,42.038027,-87.883288,/imagery/pool_rgbn/crosswalk_42038027N_87883288W.tif,1024,1024,4,0.04888282384366022,0.267120361328125,0.5041999816894531
41644150N_87623031W,41.64415,-87.623031,/imagery/pool_rgbn/crosswalk_41644150N_87623031W.tif,1024,1024,4,0.0488828238430621,0.22051061689853668,0.4479522705078125
41944026N_87865861W,41.944026,-87.865861,/imagery/pool_rgbn/crosswalk_41944026N_87865861W.tif,1024,1024,4,0.04888282384358514,0.20294126868247986,0.3323516845703125
42011033N_87829538W,42.011033,-87.829538,/imagery/pool_rgbn/crosswalk_42011033N_87829538W.tif,1024,1024,4,0.04888282384450534,0.2067204713821411,0.2948036193847656
42045024N_87680232W,42.045024,-87.680232,/imagery/pool_rgbn/crosswalk_42045024N_87680232W.tif,1024,1024,4,0.04888282384312295,0.19942374527454376,0.4099454879760742
42084621N_87974398W,42.084621,-87.974398,/imagery/pool_rgbn/crosswalk_42084621N_87974398W.tif,1024,1024,4,0.0488828238442583,0.23371762037277222,0.46337890625
41579762N_87568557W,41.579762,-87.568557,/imagery/pool_rgbn/crosswalk_41579762N_87568557W.tif,1024,1024,4,0.048882823843830525,0.31041860580444336,0.5282068252563477
42104518N_88043749W,42.104518,-88.043749,/imagery/pool_rgbn/crosswalk_42104518N_88043749W.tif,1024,1024,4,0.04888282384326648,0.20882761478424072,0.40915679931640625
42010471N_88197632W,42.010471,-88.197632,/imagery/pool_rgbn/crosswalk_42010471N_88197632W.tif,1024,1024,4,0.04888282384133164,0.2103392332792282,0.4564857482910156
41671116N_88000840W,41.671116,-88.00084,/imagery/pool_rgbn/crosswalk_41671116N_88000840W.tif,1024,1024,4,0.04888282384394609,0.3214447498321533,0.6816339492797852
41749817N_87755796W,41.749817,-87.755796,/imagery/pool_rgbn/crosswalk_41749817N_87755796W.tif,1024,1024,4,0.04888282384275072,0.23174414038658142,0.5147724151611328
41695888N_87776585W,41.695888,-87.776585,/imagery/pool_rgbn/crosswalk_41695888N_87776585W.tif,1024,1024,4,0.04888282384370492,0.22057755291461945,0.4422779083251953
42036972N_88259800W,42.036972,-88.2598,/imagery/pool_rgbn/crosswalk_42036972N_88259800W.tif,1024,1024,4,0.048882823843825314,0.3210897445678711,0.5643033981323242
41814521N_87878099W,41.814521,-87.878099,/imagery/pool_rgbn/crosswalk_41814521N_87878099W.tif,1024,1024,4,0.04888282384470654,0.26379990577697754,0.4597282409667969
41840663N_87783270W,41.840663,-87.78327,/imagery/pool_rgbn/crosswalk_41840663N_87783270W.tif,1024,1024,4,0.04888282384219388,0.22380706667900085,0.40198421478271484
41805333N_87857011W,41.805333,-87.857011,/imagery/pool_rgbn/crosswalk_41805333N_87857011W.tif,1024,1024,4,0.048882823842726957,0.31029212474823,0.5120449066162109
42040752N_87743474W,42.040752,-87.743474,/imagery/pool_rgbn/crosswalk_42040752N_87743474W.tif,1024,1024,4,0.04888282384324494,0.16731944680213928,0.42740726470947266
42091227N_88063138W,42.091227,-88.063138,/imagery/pool_rgbn/crosswalk_42091227N_88063138W.tif,1024,1024,4,0.04888282384446299,0.21175402402877808,0.4116668701171875
41886244N_87837928W,41.886244,-87.837928,/imagery/pool_rgbn/crosswalk_41886244N_87837928W.tif,1024,1024,4,0.048882823844270375,0.22064298391342163,0.45019054412841797
41877071N_87852338W,41.877071,-87.852338,/imagery/pool_rgbn/crosswalk_41877071N_87852338W.tif,1024,1024,4,0.04888282384223945,0.27699071168899536,0.6308813095092773
41719542N_87786082W,41.719542,-87.786082,/imagery/pool_rgbn/crosswalk_41719542N_87786082W.tif,1024,1024,4,0.04888282384288172,0.16344019770622253,0.19561100006103516
42053960N_87703554W,42.05396,-87.703554,/imagery/pool_rgbn/crosswalk_42053960N_87703554W.tif,1024,1024,4,0.04888282384383588,0.30742335319519043,0.7334709167480469
41954546N_87863927W,41.954546,-87.863927,/imagery/pool_rgbn/crosswalk_41954546N_87863927W.tif,1024,1024,4,0.04888282384396834,0.16756248474121094,0.24870681762695312
41619146N_87532332W,41.619146,-87.532332,/imagery/pool_rgbn/crosswalk_41619146N_87532332W.tif,1024,1024,4,0.04888282384263313,0.20782923698425293,0.4146709442138672
42108883N_87733106W,42.108883,-87.733106,/imagery/pool_rgbn/crosswalk_42108883N_87733106W.tif,1024,1024,4,0.04888282384303322,0.21293920278549194,0.496490478515625
41870059N_87775508W,41.870059,-87.775508,/imagery/pool_rgbn/crosswalk_41870059N_87775508W.tif,1024,1024,4,0.04888282384270309,0.22391390800476074,0.4131755828857422
42139127N_87991419W,42.139127,-87.991419,/imagery/pool_rgbn/crosswalk_42139127N_87991419W.tif,1024,1024,4,0.04888282384271214,0.16028140485286713,0.2263011932373047
42090300N_88063138W,42.0903,-88.063138,/imagery/pool_rgbn/crosswalk_42090300N_88063138W.tif,1024,1024,4,0.04888282384298737,0.20879632234573364,0.38064002990722656
42013317N_88183983W,42.013317,-88.183983,/imagery/pool_rgbn/crosswalk_42013317N_88183983W.tif,1024,1024,4,0.04888282384311856,0.2689775824546814,0.4218292236328125
42117006N_87822569W,42.117006,-87.822569,/imagery/pool_rgbn/crosswalk_42117006N_87822569W.tif,1024,1024,4,0.04888282384253717,0.2096385508775711,0.38596343994140625
41834072N_87900624W,41.834072,-87.900624,/imagery/pool_rgbn/crosswalk_41834072N_87900624W.tif,1024,1024,4,0.04888282384377166,0.24668964743614197,0.3778877258300781
41881562N_87793478W,41.881562,-87.793478,/imagery/pool_rgbn/crosswalk_41881562N_87793478W.tif,1024,1024,4,0.04888282384344122,0.24437063932418823,0.4604778289794922
41726897N_87882293W,41.726897,-87.882293,/imagery/pool_rgbn/crosswalk_41726897N_87882293W.tif,1024,1024,4,0.04888282384213443,0.2057214230298996,0.5075149536132812
42020330N_87893100W,42.02033,-87.8931,/imagery/pool_rgbn/crosswalk_42020330N_87893100W.tif,1024,1024,4,0.04888282384572955,0.26385870575904846,0.540740966796875
41907910N_87780775W,41.90791,-87.780775,/imagery/pool_rgbn/crosswalk_41907910N_87780775W.tif,1024,1024,4,0.04888282384481952,0.2623421549797058,0.5386810302734375
41720330N_87728759W,41.72033,-87.728759,/imagery/pool_rgbn/crosswalk_41720330N_87728759W.tif,1024,1024,4,0.048882823842338455,0.21728304028511047,0.35303497314453125
42147135N_87958545W,42.147135,-87.958545,/imagery/pool_rgbn/crosswalk_42147135N_87958545W.tif,1024,1024,4,0.0488828238430918,0.16219687461853027,0.32343387603759766
41871296N_87790291W,41.871296,-87.790291,/imagery/pool_rgbn/crosswalk_41871296N_87790291W.tif,1024,1024,4,0.048882823844443105,0.24660615622997284,0.4986400604248047
41593565N_87664372W,41.593565,-87.664372,/imagery/pool_rgbn/crosswalk_41593565N_87664372W.tif,1024,1024,4,0.04888282384466903,0.27919134497642517,0.5833234786987305
41816041N_87785595W,41.816041,-87.785595,/imagery/pool_rgbn/crosswalk_41816041N_87785595W.tif,1024,1024,4,0.04888282384342955,0.24338439106941223,0.509190559387207
42040928N_87770943W,42.040928,-87.770943,/imagery/pool_rgbn/crosswalk_42040928N_87770943W.tif,1024,1024,4,0.048882823842885996,0.22652402520179749,0.41802406311035156
42121706N_87993893W,42.121706,-87.993893,/imagery/pool_rgbn/crosswalk_42121706N_87993893W.tif,1024,1024,4,0.048882823842778096,0.1970369666814804,0.36527156829833984
42062893N_87753690W,42.062893,-87.75369,/imagery/pool_rgbn/crosswalk_42062893N_87753690W.tif,1024,1024,4,0.04888282384328868,0.2982751429080963,0.5261631011962891
41880618N_87846942W,41.880618,-87.846942,/imagery/pool_rgbn/crosswalk_41880618N_87846942W.tif,1024,1024,4,0.04888282384413374,0.26951664686203003,0.49079322814941406
41920123N_87840343W,41.920123,-87.840343,/imagery/pool_rgbn/crosswalk_41920123N_87840343W.tif,1024,1024,4,0.048882823844833466,0.19047370553016663,0.4252605438232422
42024441N_87734270W,42.024441,-87.73427,/imagery/pool_rgbn/crosswalk_42024441N_87734270W.tif,1024,1024,4,0.048882823843461334,0.22352808713912964,0.46501922607421875
41924468N_87852109W,41.924468,-87.852109,/imagery/pool_rgbn/crosswalk_41924468N_87852109W.tif,1024,1024,4,0.0488828238443882,0.23831340670585632,0.4564685821533203
41856318N_87774511W,41.856318,-87.774511,/imagery/pool_rgbn/crosswalk_41856318N_87774511W.tif,1024,1024,4,0.048882823843510774,0.22484715282917023,0.43158531188964844
42010554N_87893870W,42.010554,-87.89387,/imagery/pool_rgbn/crosswalk_42010554N_87893870W.tif,1024,1024,4,0.04888282384403886,0.24557460844516754,0.3989295959472656
42101821N_88098301W,42.101821,-88.098301,/imagery/pool_rgbn/crosswalk_42101821N_88098301W.tif,1024,1024,4,0.04888282384278317,0.19453966617584229,0.41361045837402344
42072999N_87825445W,42.072999,-87.825445,/imagery/pool_rgbn/crosswalk_42072999N_87825445W.tif,1024,1024,4,0.04888282384512438,0.20819473266601562,0.4769115447998047
42027606N_87894411W,42.027606,-87.894411,/imagery/pool_rgbn/crosswalk_42027606N_87894411W.tif,1024,1024,4,0.04888282384407701,0.17943386733531952,0.22351455688476562
42144785N_87938382W,42.144785,-87.938382,/imagery/pool_rgbn/crosswalk_42144785N_87938382W.tif,1024,1024,4,0.048882823842437015,0.18004409968852997,0.3792991638183594
41803070N_87877833W,41.80307,-87.877833,/imagery/pool_rgbn/crosswalk_41803070N_87877833W.tif,1024,1024,4,0.048882823843107624,0.2750415802001953,0.5941915512084961
42132780N_88010306W,42.13278,-88.010306,/imagery/pool_rgbn/crosswalk_42132780N_88010306W.tif,1024,1024,4,0.04888282384373737,0.22138583660125732,0.42043113708496094
42057648N_88247224W,42.057648,-88.247224,/imagery/pool_rgbn/crosswalk_42057648N_88247224W.tif,1024,1024,4,0.04888282384378098,0.3253960609436035,0.6675205230712891
42071223N_87998586W,42.071223,-87.998586,/imagery/pool_rgbn/crosswalk_42071223N_87998586W.tif,1024,1024,4,0.048882823844108234,0.20316657423973083,0.4278593063354492
41582990N_87594480W,41.58299,-87.59448,/imagery/pool_rgbn/crosswalk_41582990N_87594480W.tif,1024,1024,4,0.04888282384405291,0.1975264847278595,0.37535572052001953
41989784N_88116685W,41.989784,-88.116685,/imagery/pool_rgbn/crosswalk_41989784N_88116685W.tif,1024,1024,4,0.048882823844013955,0.2572782337665558,0.6011228561401367
41806033N_87843574W,41.806033,-87.843574,/imagery/pool_rgbn/crosswalk_41806033N_87843574W.tif,1024,1024,4,0.048882823843780135,0.2666062116622925,0.3888397216796875
41865296N_87811518W,41.865296,-87.811518,/imagery/pool_rgbn/crosswalk_41865296N_87811518W.tif,1024,1024,4,0.048882823843550964,0.31421470642089844,0.5426435470581055
41587723N_87797048W,41.587723,-87.797048,/imagery/pool_rgbn/crosswalk_41587723N_87797048W.tif,1024,1024,4,0.04888282384349592,0.22983616590499878,0.4851036071777344
42007883N_88052131W,42.007883,-88.052131,/imagery/pool_rgbn/crosswalk_42007883N_88052131W.tif,1024,1024,4,0.048882823843896195,0.17954561114311218,0.40041160583496094
41966503N_87799524W,41.966503,-87.799524,/imagery/pool_rgbn/crosswalk_41966503N_87799524W.tif,1024,1024,4,0.04888282384326812,0.2141546905040741,0.4004201889038086
41719638N_87771973W,41.719638,-87.771973,/imagery/pool_rgbn/crosswalk_41719638N_87771973W.tif,1024,1024,4,0.04888282384346933,0.20880737900733948,0.2783222198486328
42093942N_88043800W,42.093942,-88.0438,/imagery/pool_rgbn/crosswalk_42093942N_88043800W.tif,1024,1024,4,0.048882823841901735,0.21182957291603088,0.33159923553466797
41617447N_87853800W,41.617447,-87.8538,/imagery/pool_rgbn/crosswalk_41617447N_87853800W.tif,1024,1024,4,0.048882823844088666,0.23426587879657745,0.3459463119506836
41856064N_87877770W,41.856064,-87.87777,/imagery/pool_rgbn/crosswalk_41856064N_87877770W.tif,1024,1024,4,0.048882823842806795,0.2415410876274109,0.4627418518066406
41626338N_87551732W,41.626338,-87.551732,/imagery/pool_rgbn/crosswalk_41626338N_87551732W.tif,1024,1024,4,0.04888282384324168,0.2590784728527069,0.39232635498046875
42066448N_87967941W,42.066448,-87.967941,/imagery/pool_rgbn/crosswalk_42066448N_87967941W.tif,1024,1024,4,0.04888282384369569,0.2077132612466812,0.39348793029785156
41868958N_87785311W,41.868958,-87.785311,/imagery/pool_rgbn/crosswalk_41868958N_87785311W.tif,1024,1024,4,0.04888282384242371,0.23439928889274597,0.4732942581176758
42020052N_87844003W,42.020052,-87.844003,/imagery/pool_rgbn/crosswalk_42020052N_87844003W.tif,1024,1024,4,0.0488828238442128,0.22389259934425354,0.31070423126220703
42011511N_88201833W,42.011511,-88.201833,/imagery/pool_rgbn/crosswalk_42011511N_88201833W.tif,1024,1024,4,0.0488828238449574,0.2821890711784363,0.6041259765625
41697748N_87835169W,41.697748,-87.835169,/imagery/pool_rgbn/crosswalk_41697748N_87835169W.tif,1024,1024,4,0.04888282384407295,0.27030685544013977,0.5286245346069336
41603678N_87636456W,41.603678,-87.636456,/imagery/pool_rgbn/crosswalk_41603678N_87636456W.tif,1024,1024,4,0.04888282384298878,0.24774669110774994,0.36582374572753906
41823455N_87802670W,41.823455,-87.80267,/imagery/pool_rgbn/crosswalk_41823455N_87802670W.tif,1024,1024,4,0.04888282384440085,0.24621406197547913,0.4249753952026367
42125682N_88037070W,42.125682,-88.03707,/imagery/pool_rgbn/crosswalk_42125682N_88037070W.tif,1024,1024,4,0.04888282384312266,0.23299191892147064,0.5075139999389648
42100742N_87823063W,42.100742,-87.823063,/imagery/pool_rgbn/crosswalk_42100742N_87823063W.tif,1024,1024,4,0.04888282384349521,0.22523567080497742,0.4817543029785156
42070020N_88048067W,42.07002,-88.048067,/imagery/pool_rgbn/crosswalk_42070020N_88048067W.tif,1024,1024,4,0.04888282384316008,0.24218276143074036,0.551304817199707
42050372N_88043232W,42.050372,-88.043232,/imagery/pool_rgbn/crosswalk_42050372N_88043232W.tif,1024,1024,4,0.04888282384359774,0.18694265186786652,0.22386646270751953
42061796N_87935356W,42.061796,-87.935356,/imagery/pool_rgbn/crosswalk_42061796N_87935356W.tif,1024,1024,4,0.048882823843368235,0.20735834538936615,0.4651641845703125
42098231N_88112454W,42.098231,-88.112454,/imagery/pool_rgbn/crosswalk_42098231N_88112454W.tif,1024,1024,4,0.04888282384327037,0.13651445508003235,0.21034812927246094
41601486N_87617139W,41.601486,-87.617139,/imagery/pool_rgbn/crosswalk_41601486N_87617139W.tif,1024,1024,4,0.04888282384416431,0.21097443997859955,0.30505943298339844
42046468N_88043081W,42.046468,-88.043081,/imagery/pool_rgbn/crosswalk_42046468N_88043081W.tif,1024,1024,4,0.048882823843056984,0.2249789834022522,0.4806232452392578
42061120N_88079445W,42.06112,-88.079445,/imagery/pool_rgbn/crosswalk_42061120N_88079445W.tif,1024,1024,4,0.048882823842927955,0.10827989131212234,0.09243297576904297
41506148N_87634565W,41.506148,-87.634565,/imagery/pool_rgbn/crosswalk_41506148N_87634565W.tif,1024,1024,4,0.04888282384257532,0.21549557149410248,0.4440040588378906
41671808N_87674972W,41.671808,-87.674972,/imagery/pool_rgbn/crosswalk_41671808N_87674972W.tif,1024,1024,4,0.048882823843334575,0.3549562096595764,0.6746501922607422
42084385N_87969090W,42.084385,-87.96909,/imagery/pool_rgbn/crosswalk_42084385N_87969090W.tif,1024,1024,4,0.04888282384422757,0.11167889833450317,0.19248580932617188
42066589N_87980627W,42.066589,-87.980627,/imagery/pool_rgbn/crosswalk_42066589N_87980627W.tif,1024,1024,4,0.04888282384262593,0.17822933197021484,0.2301158905029297
41825448N_87763204W,41.825448,-87.763204,/imagery/pool_rgbn/crosswalk_41825448N_87763204W.tif,1024,1024,4,0.04888282384249155,0.2169818878173828,0.3564615249633789
41759457N_87780953W,41.759457,-87.780953,/imagery/pool_rgbn/crosswalk_41759457N_87780953W.tif,1024,1024,4,0.048882823842512295,0.34250521659851074,0.550959587097168
41895343N_87915497W,41.895343,-87.915497,/imagery/pool_rgbn/crosswalk_41895343N_87915497W.tif,1024,1024,4,0.048882823844670444,0.22189313173294067,0.49640369415283203
42050055N_87787267W,42.050055,-87.787267,/imagery/pool_rgbn/crosswalk_42050055N_87787267W.tif,1024,1024,4,0.04888282384387851,0.21884319186210632,0.47515010833740234
41625539N_87717715W,41.625539,-87.717715,/imagery/pool_rgbn/crosswalk_41625539N_87717715W.tif,1024,1024,4,0.04888282384449061,0.1582150012254715,0.1585216522216797
42047472N_88251586W,42.047472,-88.251586,/imagery/pool_rgbn/crosswalk_42047472N_88251586W.tif,1024,1024,4,0.04888282384241679,0.23112690448760986,0.4384183883666992
41656596N_88000800W,41.656596,-88.0008,/imagery/pool_rgbn/crosswalk_41656596N_88000800W.tif,1024,1024,4,0.04888282384480883,0.30319949984550476,0.41492271423339844
41637622N_87629343W,41.637622,-87.629343,/imagery/pool_rgbn/crosswalk_41637622N_87629343W.tif,1024,1024,4,0.04888282384303783,0.40419042110443115,0.6142568588256836
41908627N_87820814W,41.908627,-87.820814,/imagery/pool_rgbn/crosswalk_41908627N_87820814W.tif,1024,1024,4,0.04888282384292185,0.24379336833953857,0.43022918701171875
42009948N_87795732W,42.009948,-87.795732,/imagery/pool_rgbn/crosswalk_42009948N_87795732W.tif,1024,1024,4,0.04888282384425236,0.16149035096168518,0.3894538879394531
42059497N_87915160W,42.059497,-87.91516,/imagery/pool_rgbn/crosswalk_42059497N_87915160W.tif,1024,1024,4,0.04888282384399264,0.20750752091407776,0.4018669128417969
42011709N_88202414W,42.011709,-88.202414,/imagery/pool_rgbn/crosswalk_42011709N_88202414W.tif,1024,1024,4,0.04888282384338489,0.2761896252632141,0.553898811340332
42027210N_87672775W,42.02721,-87.672775,/imagery/pool_rgbn/crosswalk_42027210N_87672775W.tif,1024,1024,4,0.04888282384433293,0.27716612815856934,0.6910877227783203
41976301N_87866449W,41.976301,-87.866449,/imagery/pool_rgbn/crosswalk_41976301N_87866449W.tif,1024,1024,4,0.0488828238442989,0.2691379189491272,0.3268251419067383
42026244N_87743876W,42.026244,-87.743876,/imagery/pool_rgbn/crosswalk_42026244N_87743876W.tif,1024,1024,4,0.048882823843057845,0.1366819143295288,0.15851402282714844
41729613N_87728973W,41.729613,-87.728973,/imagery/pool_rgbn/crosswalk_41729613N_87728973W.tif,1024,1024,4,0.04888282384393296,0.17208057641983032,0.1886434555053711
42011337N_87822700W,42.011337,-87.8227,/imagery/pool_rgbn/crosswalk_42011337N_87822700W.tif,1024,1024,4,0.048882823841307446,0.2253478467464447,0.4811258316040039
41752191N_87776715W,41.752191,-87.776715,/imagery/pool_rgbn/crosswalk_41752191N_87776715W.tif,1024,1024,4,0.048882823844460736,0.23858997225761414,0.5331230163574219
42028091N_87747451W,42.028091,-87.747451,/imagery/pool_rgbn/crosswalk_42028091N_87747451W.tif,1024,1024,4,0.0488828238435655,0.21870915591716766,0.32392024993896484
41995411N_88153283W,41.995411,-88.153283,/imagery/pool_rgbn/crosswalk_41995411N_88153283W.tif,1024,1024,4,0.04888282384199439,0.25585293769836426,0.8563671112060547
42095114N_87902074W,42.095114,-87.902074,/imagery/pool_rgbn/crosswalk_42095114N_87902074W.tif,1024,1024,4,0.04888282384310534,0.1932828426361084,0.4352235794067383
41741950N_87818896W,41.74195,-87.818896,/imagery/pool_rgbn/crosswalk_41741950N_87818896W.tif,1024,1024,4,0.04888282384293287,0.24631112813949585,0.3702421188354492
41716610N_87707111W,41.71661,-87.707111,/imagery/pool_rgbn/crosswalk_41716610N_87707111W.tif,1024,1024,4,0.04888282384457267,0.21829642355442047,0.43454933166503906
42022764N_87942101W,42.022764,-87.942101,/imagery/pool_rgbn/crosswalk_42022764N_87942101W.tif,1024,1024,4,0.04888282384416066,0.18234598636627197,0.2738037109375
41558678N_87901252W,41.558678,-87.901252,/imagery/pool_rgbn/crosswalk_41558678N_87901252W.tif,1024,1024,4,0.04888282384499295,0.23792067170143127,0.44933509826660156
41483542N_87726274W,41.483542,-87.726274,/imagery/pool_rgbn/crosswalk_41483542N_87726274W.tif,1024,1024,4,0.04888282384437398,0.301760196685791,0.5689249038696289
41720078N_87741504W,41.720078,-87.741504,/imagery/pool_rgbn/crosswalk_41720078N_87741504W.tif,1024,1024,4,0.04888282384218075,0.2570470869541168,0.3574361801147461
41893291N_87852914W,41.893291,-87.852914,/imagery/pool_rgbn/crosswalk_41893291N_87852914W.tif,1024,1024,4,0.048882823842591565,0.22493867576122284,0.32454681396484375
42024776N_87679800W,42.024776,-87.6798,/imagery/pool_rgbn/crosswalk_42024776N_87679800W.tif,1024,1024,4,0.04888282384310781,0.24446550011634827,0.552973747253418
41727407N_87767921W,41.727407,-87.767921,/imagery/pool_rgbn/crosswalk_41727407N_87767921W.tif,1024,1024,4,0.04888282384338357,0.23124948143959045,0.46761322021484375
41599215N_87539519W,41.599215,-87.539519,/imagery/pool_rgbn/crosswalk_41599215N_87539519W.tif,1024,1024,4,0.04888282384345306,0.1614229381084442,0.24731731414794922
41734297N_87754939W,41.734297,-87.754939,/imagery/pool_rgbn/crosswalk_41734297N_87754939W.tif,1024,1024,4,0.048882823843451315,0.22819140553474426,0.38773441314697266
41761921N_87795336W,41.761921,-87.795336,/imagery/pool_rgbn/crosswalk_41761921N_87795336W.tif,1024,1024,4,0.04888282384466081,0.24182705581188202,0.6269330978393555
41830489N_87879150W,41.830489,-87.87915,/imagery/pool_rgbn/crosswalk_41830489N_87879150W.tif,1024,1024,4,0.04888282384314524,0.24282656610012054,0.49324703216552734
42004885N_88091127W,42.004885,-88.091127,/imagery/pool_rgbn/crosswalk_42004885N_88091127W.tif,1024,1024,4,0.04888282384281675,0.27200940251350403,0.4278430938720703
41591203N_87638864W,41.591203,-87.638864,/imagery/pool_rgbn/crosswalk_41591203N_87638864W.tif,1024,1024,4,0.04888282384332801,0.24223282933235168,0.5849504470825195
42082197N_87694401W,42.082197,-87.694401,/imagery/pool_rgbn/crosswalk_42082197N_87694401W.tif,1024,1024,4,0.04888282384388531,0.20860466361045837,0.5295829772949219
42061916N_87934394W,42.061916,-87.934394,/imagery/pool_rgbn/crosswalk_42061916N_87934394W.tif,1024,1024,4,0.04888282384453371,0.21570125222206116,0.41985416412353516
41740673N_87755640W,41.740673,-87.75564,/imagery/pool_rgbn/crosswalk_41740673N_87755640W.tif,1024,1024,4,0.0488828238418057,0.20995071530342102,0.47654247283935547
42006016N_88013264W,42.006016,-88.013264,/imagery/pool_rgbn/crosswalk_42006016N_88013264W.tif,1024,1024,4,0.0488828238424708,0.23850798606872559,0.6093435287475586
42075742N_88053467W,42.075742,-88.053467,/imagery/pool_rgbn/crosswalk_42075742N_88053467W.tif,1024,1024,4,0.048882823842254834,0.2081235647201538,0.4048748016357422
41688995N_87797741W,41.688995,-87.797741,/imagery/pool_rgbn/crosswalk_41688995N_87797741W.tif,1024,1024,4,0.048882823842233886,0.17193558812141418,0.21545696258544922
41837863N_87824322W,41.837863,-87.824322,/imagery/pool_rgbn/crosswalk_41837863N_87824322W.tif,1024,1024,4,0.04888282384181902,0.27961766719818115,0.5427894592285156
41830187N_87784180W,41.830187,-87.78418,/imagery/pool_rgbn/crosswalk_41830187N_87784180W.tif,1024,1024,4,0.048882823843645305,0.23978090286254883,0.3803119659423828
41722204N_87733522W,41.722204,-87.733522,/imagery/pool_rgbn/crosswalk_41722204N_87733522W.tif,1024,1024,4,0.048882823843911447,0.165176123380661,0.25221824645996094
41857850N_87784091W,41.85785,-87.784091,/imagery/pool_rgbn/crosswalk_41857850N_87784091W.tif,1024,1024,4,0.04888282384314842,0.15033811330795288,0.16970157623291016
41858083N_87779459W,41.858083,-87.779459,/imagery/pool_rgbn/crosswalk_41858083N_87779459W.tif,1024,1024,4,0.04888282384295237,0.21083621680736542,0.37525081634521484
41811620N_87812467W,41.81162,-87.812467,/imagery/pool_rgbn/crosswalk_41811620N_87812467W.tif,1024,1024,4,0.04888282384374718,0.22202178835868835,0.4916095733642578
41590045N_87635216W,41.590045,-87.635216,/imagery/pool_rgbn/crosswalk_41590045N_87635216W.tif,1024,1024,4,0.04888282384395026,0.26761871576309204,0.4937114715576172
41954468N_87812188W,41.954468,-87.812188,/imagery/pool_rgbn/crosswalk_41954468N_87812188W.tif,1024,1024,4,0.048882823842655056,0.21858954429626465,0.43282127380371094
41853024N_87882522W,41.853024,-87.882522,/imagery/pool_rgbn/crosswalk_41853024N_87882522W.tif,1024,1024,4,0.048882823844433765,0.2898256778717041,0.5418310165405273
41878134N_87781339W,41.878134,-87.781339,/imagery/pool_rgbn/crosswalk_41878134N_87781339W.tif,1024,1024,4,0.04888282384339406,0.2382795810699463,0.5008916854858398
41890443N_87778244W,41.890443,-87.778244,/imagery/pool_rgbn/crosswalk_41890443N_87778244W.tif,1024,1024,4,0.048882823846339185,0.246987447142601,0.5445966720581055
42012918N_87975668W,42.012918,-87.975668,/imagery/pool_rgbn/crosswalk_42012918N_87975668W.tif,1024,1024,4,0.048882823842544235,0.28754645586013794,0.378143310546875
41647875N_87696581W,41.647875,-87.696581,/imagery/pool_rgbn/crosswalk_41647875N_87696581W.tif,1024,1024,4,0.04888282384270552,0.20307114720344543,0.33669567108154297
41857414N_87793536W,41.857414,-87.793536,/imagery/pool_rgbn/crosswalk_41857414N_87793536W.tif,1024,1024,4,0.048882823844561496,0.24692699313163757,0.5011386871337891
41703867N_87787969W,41.703867,-87.787969,/imagery/pool_rgbn/crosswalk_41703867N_87787969W.tif,1024,1024,4,0.04888282384369527,0.2583520710468292,0.3831825256347656
41664823N_87657927W,41.664823,-87.657927,/imagery/pool_rgbn/crosswalk_41664823N_87657927W.tif,1024,1024,4,0.04888282384330728,0.2715820074081421,0.48229503631591797
41518162N_87728719W,41.518162,-87.728719,/imagery/pool_rgbn/crosswalk_41518162N_87728719W.tif,1024,1024,4,0.04888282384324334,0.20817510783672333,0.4164009094238281
41691129N_87744612W,41.691129,-87.744612,/imagery/pool_rgbn/crosswalk_41691129N_87744612W.tif,1024,1024,4,0.04888282384377688,0.27033647894859314,0.5374860763549805
42001973N_87833604W,42.001973,-87.833604,/imagery/pool_rgbn/crosswalk_42001973N_87833604W.tif,1024,1024,4,0.04888282384299912,0.2367638498544693,0.5840549468994141
42127337N_87824286W,42.127337,-87.824286,/imagery/pool_rgbn/crosswalk_42127337N_87824286W.tif,1024,1024,4,0.04888282384425214,0.14701518416404724,0.2355327606201172
41495658N_87660302W,41.495658,-87.660302,/imagery/pool_rgbn/crosswalk_41495658N_87660302W.tif,1024,1024,4,0.04888282384444136,0.21150845289230347,0.5365209579467773
41829267N_87809102W,41.829267,-87.809102,/imagery/pool_rgbn/crosswalk_41829267N_87809102W.tif,1024,1024,4,0.04888282384337705,0.21249663829803467,0.48166847229003906
42050539N_87799738W,42.050539,-87.799738,/imagery/pool_rgbn/crosswalk_42050539N_87799738W.tif,1024,1024,4,0.04888282384284883,0.2842544913291931,0.5788135528564453
41545101N_87539576W,41.545101,-87.539576,/imagery/pool_rgbn/crosswalk_41545101N_87539576W.tif,1024,1024,4,0.04888282384354641,0.23554712533950806,0.43017005920410156
41861363N_87804676W,41.861363,-87.804676,/imagery/pool_rgbn/crosswalk_41861363N_87804676W.tif,1024,1024,4,0.048882823842059935,0.24738381803035736,0.4367198944091797
42048504N_88043292W,42.048504,-88.043292,/imagery/pool_rgbn/crosswalk_42048504N_88043292W.tif,1024,1024,4,0.04888282384518086,0.1944216787815094,0.5052242279052734
42078648N_87751783W,42.078648,-87.751783,/imagery/pool_rgbn/crosswalk_42078648N_87751783W.tif,1024,1024,4,0.04888282384392076,0.2283286452293396,0.6162519454956055
41908195N_87844953W,41.908195,-87.844953,/imagery/pool_rgbn/crosswalk_41908195N_87844953W.tif,1024,1024,4,0.0488828238434227,0.15191134810447693,0.12761878967285156
41484221N_87703242W,41.484221,-87.703242,/imagery/pool_rgbn/crosswalk_41484221N_87703242W.tif,1024,1024,4,0.048882823842872125,0.16337358951568604,0.22290325164794922
41703584N_87739929W,41.703584,-87.739929,/imagery/pool_rgbn/crosswalk_41703584N_87739929W.tif,1024,1024,4,0.04888282384228112,0.20814573764801025,0.3845357894897461
42002671N_88006365W,42.002671,-88.006365,/imagery/pool_rgbn/crosswalk_42002671N_88006365W.tif,1024,1024,4,0.04888282384313964,0.26691004633903503,0.4768505096435547
41817957N_87870100W,41.817957,-87.8701,/imagery/pool_rgbn/crosswalk_41817957N_87870100W.tif,1024,1024,4,0.04888282384388987,0.2090621292591095,0.3018817901611328
42017759N_87747738W,42.017759,-87.747738,/imagery/pool_rgbn/crosswalk_42017759N_87747738W.tif,1024,1024,4,0.04888282384534617,0.2124503254890442,0.3366374969482422
41879309N_87821078W,41.879309,-87.821078,/imagery/pool_rgbn/crosswalk_41879309N_87821078W.tif,1024,1024,4,0.04888282384404634,0.1826643943786621,0.3924846649169922
42090234N_87996722W,42.090234,-87.996722,/imagery/pool_rgbn/crosswalk_42090234N_87996722W.tif,1024,1024,4,0.04888282384355082,0.19722998142242432,0.3655548095703125
41642286N_87839796W,41.642286,-87.839796,/imagery/pool_rgbn/crosswalk_41642286N_87839796W.tif,1024,1024,4,0.048882823843852355,0.24437052011489868,0.5020084381103516
41953131N_87811302W,41.953131,-87.811302,/imagery/pool_rgbn/crosswalk_41953131N_87811302W.tif,1024,1024,4,0.04888282384532892,0.26076754927635193,0.4818449020385742
41707986N_87702591W,41.707986,-87.702591,/imagery/pool_rgbn/crosswalk_41707986N_87702591W.tif,1024,1024,4,0.04888282384345944,0.21675819158554077,0.3729696273803711
41504793N_87642399W,41.504793,-87.642399,/imagery/pool_rgbn/crosswalk_41504793N_87642399W.tif,1024,1024,4,0.048882823843139064,0.22117170691490173,0.2915668487548828
41558133N_87636085W,41.558133,-87.636085,/imagery/pool_rgbn/crosswalk_41558133N_87636085W.tif,1024,1024,4,0.0488828238437436,0.23194539546966553,0.33623504638671875
42026933N_88257891W,42.026933,-88.257891,/imagery/pool_rgbn/crosswalk_42026933N_88257891W.tif,1024,1024,4,0.048882823843145046,0.22131392359733582,0.39098548889160156
41720316N_87729454W,41.720316,-87.729454,/imagery/pool_rgbn/crosswalk_41720316N_87729454W.tif,1024,1024,4,0.04888282384352536,0.268705815076828,0.4070472717285156
42054663N_88034831W,42.054663,-88.034831,/imagery/pool_rgbn/crosswalk_42054663N_88034831W.tif,1024,1024,4,0.04888282384404717,0.20340345799922943,0.3333168029785156
42087248N_87798134W,42.087248,-87.798134,/imagery/pool_rgbn/crosswalk_42087248N_87798134W.tif,1024,1024,4,0.048882823843428604,0.15656235814094543,0.21020221710205078
41813995N_87835218W,41.813995,-87.835218,/imagery/pool_rgbn/crosswalk_41813995N_87835218W.tif,1024,1024,4,0.04888282384459899,0.21144476532936096,0.2688741683959961
41850577N_87756529W,41.850577,-87.756529,/imagery/pool_rgbn/crosswalk_41850577N_87756529W.tif,1024,1024,4,0.0488828238446204,0.24059903621673584,0.49816226959228516
41574981N_87780553W,41.574981,-87.780553,/imagery/pool_rgbn/crosswalk_41574981N_87780553W.tif,1024,1024,4,0.04888282384355819,0.2494133859872818,0.5468769073486328
41733243N_87801225W,41.733243,-87.801225,/imagery/pool_rgbn/crosswalk_41733243N_87801225W.tif,1024,1024,4,0.048882823844018625,0.1804017424583435,0.21042728424072266
41627723N_87717911W,41.627723,-87.717911,/imagery/pool_rgbn/crosswalk_41627723N_87717911W.tif,1024,1024,4,0.0488828238417593,0.20235130190849304,0.3174304962158203
42092683N_88026698W,42.092683,-88.026698,/imagery/pool_rgbn/crosswalk_42092683N_88026698W.tif,1024,1024,4,0.04888282384292455,0.24096053838729858,0.5184783935546875
41702228N_87720768W,41.702228,-87.720768,/imagery/pool_rgbn/crosswalk_41702228N_87720768W.tif,1024,1024,4,0.048882823843279785,0.19789479672908783,0.30806446075439453
41858582N_87852815W,41.858582,-87.852815,/imagery/pool_rgbn/crosswalk_41858582N_87852815W.tif,1024,1024,4,0.04888282384268619,0.19068121910095215,0.3556032180786133
42086900N_87798067W,42.0869,-87.798067,/imagery/pool_rgbn/crosswalk_42086900N_87798067W.tif,1024,1024,4,0.04888282384347725,0.19704604148864746,0.30832767486572266
41908156N_87820354W,41.908156,-87.820354,/imagery/pool_rgbn/crosswalk_41908156N_87820354W.tif,1024,1024,4,0.04888282384484058,0.21989551186561584,0.45377349853515625
41834574N_87763153W,41.834574,-87.763153,/imagery/pool_rgbn/crosswalk_41834574N_87763153W.tif,1024,1024,4,0.04888282384386505,0.1527376025915146,0.30661869049072266
41990552N_88119222W,41.990552,-88.119222,/imagery/pool_rgbn/crosswalk_41990552N_88119222W.tif,1024,1024,4,0.048882823843781564,0.20388081669807434,0.43070125579833984
42089358N_87824548W,42.089358,-87.824548,/imagery/pool_rgbn/crosswalk_42089358N_87824548W.tif,1024,1024,4,0.04888282384443237,0.31424397230148315,0.4206094741821289
42054247N_87909051W,42.054247,-87.909051,/imagery/pool_rgbn/crosswalk_42054247N_87909051W.tif,1024,1024,4,0.04888282384467095,0.20074740052223206,0.4429473876953125
42038502N_87824142W,42.038502,-87.824142,/imagery/pool_rgbn/crosswalk_42038502N_87824142W.tif,1024,1024,4,0.04888282384283032,0.22119030356407166,0.38945579528808594
41809069N_87798322W,41.809069,-87.798322,/imagery/pool_rgbn/crosswalk_41809069N_87798322W.tif,1024,1024,4,0.04888282384274123,0.2623647153377533,0.5190305709838867
41886632N_87825372W,41.886632,-87.825372,/imagery/pool_rgbn/crosswalk_41886632N_87825372W.tif,1024,1024,4,0.048882823844120994,0.21393612027168274,0.4395780563354492
41683098N_87717581W,41.683098,-87.717581,/imagery/pool_rgbn/crosswalk_41683098N_87717581W.tif,1024,1024,4,0.04888282384387808,0.2815818190574646,0.604365348815918
41602417N_87787281W,41.602417,-87.787281,/imagery/pool_rgbn/crosswalk_41602417N_87787281W.tif,1024,1024,4,0.04888282384397093,0.32828205823898315,0.517521858215332
41501329N_87654887W,41.501329,-87.654887,/imagery/pool_rgbn/crosswalk_41501329N_87654887W.tif,1024,1024,4,0.04888282384403995,0.3098059296607971,0.5864353179931641
41754484N_87845483W,41.754484,-87.845483,/imagery/pool_rgbn/crosswalk_41754484N_87845483W.tif,1024,1024,4,0.048882823843183106,0.25192737579345703,0.49262237548828125
41506162N_87727682W,41.506162,-87.727682,/imagery/pool_rgbn/crosswalk_41506162N_87727682W.tif,1024,1024,4,0.04888282384361278,0.172819584608078,0.21176624298095703
41888507N_87875467W,41.888507,-87.875467,/imagery/pool_rgbn/crosswalk_41888507N_87875467W.tif,1024,1024,4,0.04888282384382651,0.24902233481407166,0.45177745819091797
41961937N_87806609W,41.961937,-87.806609,/imagery/pool_rgbn/crosswalk_41961937N_87806609W.tif,1024,1024,4,0.048882823843593534,0.2765807509422302,0.4827747344970703
42033574N_87750358W,42.033574,-87.750358,/imagery/pool_rgbn/crosswalk_42033574N_87750358W.tif,1024,1024,4,0.04888282384356431,0.18566426634788513,0.39922618865966797
42043622N_88255756W,42.043622,-88.255756,/imagery/pool_rgbn/crosswalk_42043622N_88255756W.tif,1024,1024,4,0.04888282384405162,0.31205645203590393,0.6944608688354492
42065672N_87907948W,42.065672,-87.907948,/imagery/pool_rgbn/crosswalk_42065672N_87907948W.tif,1024,1024,4,0.04888282384322055,0.20863935351371765,0.38961219787597656
42068078N_87934012W,42.068078,-87.934012,/imagery/pool_rgbn/crosswalk_42068078N_87934012W.tif,1024,1024,4,0.04888282384290076,0.2386188805103302,0.5388736724853516
41567842N_87811962W,41.567842,-87.811962,/imagery/pool_rgbn/crosswalk_41567842N_87811962W.tif,1024,1024,4,0.04888282384402063,0.18819965422153473,0.35494422912597656
42068478N_87759186W,42.068478,-87.759186,/imagery/pool_rgbn/crosswalk_42068478N_87759186W.tif,1024,1024,4,0.04888282384300657,0.1767885535955429,0.3999443054199219
41839476N_87802566W,41.839476,-87.802566,/imagery/pool_rgbn/crosswalk_41839476N_87802566W.tif,1024,1024,4,0.048882823843772266,0.20296436548233032,0.3886556625366211
41612301N_87853268W,41.612301,-87.853268,/imagery/pool_rgbn/crosswalk_41612301N_87853268W.tif,1024,1024,4,0.04888282384267286,0.22210094332695007,0.3015613555908203
41781922N_87805658W,41.781922,-87.805658,/imagery/pool_rgbn/crosswalk_41781922N_87805658W.tif,1024,1024,4,0.048882823841462565,0.22340255975723267,0.46961116790771484
42072687N_87710300W,42.072687,-87.7103,/imagery/pool_rgbn/crosswalk_42072687N_87710300W.tif,1024,1024,4,0.048882823842612604,0.24591490626335144,0.5974493026733398
41807945N_87752992W,41.807945,-87.752992,/imagery/pool_rgbn/crosswalk_41807945N_87752992W.tif,1024,1024,4,0.048882823843839844,0.3150990605354309,0.6711645126342773
41723951N_87844874W,41.723951,-87.844874,/imagery/pool_rgbn/crosswalk_41723951N_87844874W.tif,1024,1024,4,0.0488828238437157,0.2209869921207428,0.5076990127563477
42015030N_87757605W,42.01503,-87.757605,/imagery/pool_rgbn/crosswalk_42015030N_87757605W.tif,1024,1024,4,0.048882823843856164,0.21906879544258118,0.4956684112548828
42057188N_87903741W,42.057188,-87.903741,/imagery/pool_rgbn/crosswalk_42057188N_87903741W.tif,1024,1024,4,0.04888282384359885,0.1841418594121933,0.35166263580322266
41797339N_87869303W,41.797339,-87.869303,/imagery/pool_rgbn/crosswalk_41797339N_87869303W.tif,1024,1024,4,0.04888282384351274,0.22811931371688843,0.5718259811401367
42093044N_87988968W,42.093044,-87.988968,/imagery/pool_rgbn/crosswalk_42093044N_87988968W.tif,1024,1024,4,0.048882823843991265,0.20373639464378357,0.3714027404785156
41808728N_87841259W,41.808728,-87.841259,/imagery/pool_rgbn/crosswalk_41808728N_87841259W.tif,1024,1024,4,0.048882823843486446,0.26789695024490356,0.5480327606201172
41814366N_87872692W,41.814366,-87.872692,/imagery/pool_rgbn/crosswalk_41814366N_87872692W.tif,1024,1024,4,0.04888282384393506,0.3216191828250885,0.4671649932861328
42144236N_87795798W,42.144236,-87.795798,/imagery/pool_rgbn/crosswalk_42144236N_87795798W.tif,1024,1024,4,0.04888282384403967,0.1813225895166397,0.37037086486816406
41833183N_87846234W,41.833183,-87.846234,/imagery/pool_rgbn/crosswalk_41833183N_87846234W.tif,1024,1024,4,0.04888282384339139,0.25177425146102905,0.4517345428466797
42029894N_87685845W,42.029894,-87.685845,/imagery/pool_rgbn/crosswalk_42029894N_87685845W.tif,1024,1024,4,0.048882823844050065,0.2442394196987152,0.5616178512573242
41906160N_87854652W,41.90616,-87.854652,/imagery/pool_rgbn/crosswalk_41906160N_87854652W.tif,1024,1024,4,0.04888282384292548,0.2413358986377716,0.4313240051269531
41542695N_87602931W,41.542695,-87.602931,/imagery/pool_rgbn/crosswalk_41542695N_87602931W.tif,1024,1024,4,0.048882823843078925,0.2151283323764801,0.3654794692993164
42011362N_88127452W,42.011362,-88.127452,/imagery/pool_rgbn/crosswalk_42011362N_88127452W.tif,1024,1024,4,0.048882823842168695,0.28101468086242676,0.7183666229248047
41856084N_87877172W,41.856084,-87.877172,/imagery/pool_rgbn/crosswalk_41856084N_87877172W.tif,1024,1024,4,0.048882823844211824,0.19556483626365662,0.3781013488769531
41827211N_87766314W,41.827211,-87.766314,/imagery/pool_rgbn/crosswalk_41827211N_87766314W.tif,1024,1024,4,0.04888282384382087,0.23724007606506348,0.45923423767089844
42106225N_87970993W,42.106225,-87.970993,/imagery/pool_rgbn/crosswalk_42106225N_87970993W.tif,1024,1024,4,0.04888282384378135,0.17403797805309296,0.25731849670410156
42087322N_87803977W,42.087322,-87.803977,/imagery/pool_rgbn/crosswalk_42087322N_87803977W.tif,1024,1024,4,0.048882823844489984,0.15083973109722137,0.3526926040649414
42090143N_87798229W,42.090143,-87.798229,/imagery/pool_rgbn/crosswalk_42090143N_87798229W.tif,1024,1024,4,0.04888282384316831,0.15686924755573273,0.2554044723510742
41876406N_87833426W,41.876406,-87.833426,/imagery/pool_rgbn/crosswalk_41876406N_87833426W.tif,1024,1024,4,0.04888282384389675,0.28547394275665283,0.5489120483398438
42060640N_88252112W,42.06064,-88.252112,/imagery/pool_rgbn/crosswalk_42060640N_88252112W.tif,1024,1024,4,0.048882823842888064,0.2995690107345581,0.6855621337890625
42152782N_87850552W,42.152782,-87.850552,/imagery/pool_rgbn/crosswalk_42152782N_87850552W.tif,1024,1024,4,0.048882823843023185,0.14364053308963776,0.3832569122314453
42007794N_88116612W,42.007794,-88.116612,/imagery/pool_rgbn/crosswalk_42007794N_88116612W.tif,1024,1024,4,0.048882823843440566,0.1933133751153946,0.4376955032348633
41874930N_87855939W,41.87493,-87.855939,/imagery/pool_rgbn/crosswalk_41874930N_87855939W.tif,1024,1024,4,0.04888282384284003,0.25372743606567383,0.5114536285400391
41697198N_87798105W,41.697198,-87.798105,/imagery/pool_rgbn/crosswalk_41697198N_87798105W.tif,1024,1024,4,0.04888282384469947,0.22489070892333984,0.35888671875
42004498N_88158079W,42.004498,-88.158079,/imagery/pool_rgbn/crosswalk_42004498N_88158079W.tif,1024,1024,4,0.04888282384332337,0.3388213813304901,0.8112583160400391
41752451N_87763339W,41.752451,-87.763339,/imagery/pool_rgbn/crosswalk_41752451N_87763339W.tif,1024,1024,4,0.04888282384380156,0.26406314969062805,0.5927104949951172
42121779N_88018250W,42.121779,-88.01825,/imagery/pool_rgbn/crosswalk_42121779N_88018250W.tif,1024,1024,4,0.04888282384346922,0.20799338817596436,0.3968534469604492
41858430N_87787442W,41.85843,-87.787442,/imagery/pool_rgbn/crosswalk_41858430N_87787442W.tif,1024,1024,4,0.048882823844181356,0.24844829738140106,0.5109519958496094
41814584N_87851849W,41.814584,-87.851849,/imagery/pool_rgbn/crosswalk_41814584N_87851849W.tif,1024,1024,4,0.048882823842637556,0.27151644229888916,0.5348758697509766
41907865N_87859603W,41.907865,-87.859603,/imagery/pool_rgbn/crosswalk_41907865N_87859603W.tif,1024,1024,4,0.0488828238441814,0.16074274480342865,0.13332462310791016
42048889N_87832889W,42.048889,-87.832889,/imagery/pool_rgbn/crosswalk_42048889N_87832889W.tif,1024,1024,4,0.04888282384310987,0.2578144073486328,0.6442556381225586
42037264N_88242510W,42.037264,-88.24251,/imagery/pool_rgbn/crosswalk_42037264N_88242510W.tif,1024,1024,4,0.0488828238424341,0.30332839488983154,0.5789918899536133
41815354N_87898895W,41.815354,-87.898895,/imagery/pool_rgbn/crosswalk_41815354N_87898895W.tif,1024,1024,4,0.04888282384409607,0.25565028190612793,0.5541229248046875
41749047N_87747432W,41.749047,-87.747432,/imagery/pool_rgbn/crosswalk_41749047N_87747432W.tif,1024,1024,4,0.048882823843146135,0.2516133189201355,0.38381004333496094
41910851N_87876586W,41.910851,-87.876586,/imagery/pool_rgbn/crosswalk_41910851N_87876586W.tif,1024,1024,4,0.04888282384398163,0.30754125118255615,0.4604225158691406
41841671N_87775916W,41.841671,-87.775916,/imagery/pool_rgbn/crosswalk_41841671N_87775916W.tif,1024,1024,4,0.04888282384316796,0.23828479647636414,0.47870540618896484
42115265N_88108548W,42.115265,-88.108548,/imagery/pool_rgbn/crosswalk_42115265N_88108548W.tif,1024,1024,4,0.04888282384369781,0.18385787308216095,0.2885618209838867
41822292N_87806597W,41.822292,-87.806597,/imagery/pool_rgbn/crosswalk_41822292N_87806597W.tif,1024,1024,4,0.048882823844142706,0.25393515825271606,0.5822076797485352
42041981N_87925628W,42.041981,-87.925628,/imagery/pool_rgbn/crosswalk_42041981N_87925628W.tif,1024,1024,4,0.04888282384434103,0.21260982751846313,0.5179910659790039
41696631N_87720553W,41.696631,-87.720553,/imagery/pool_rgbn/crosswalk_41696631N_87720553W.tif,1024,1024,4,0.04888282384491194,0.20716354250907898,0.3453826904296875
42087367N_87979232W,42.087367,-87.979232,/imagery/pool_rgbn/crosswalk_42087367N_87979232W.tif,1024,1024,4,0.048882823843552886,0.24958530068397522,0.5330047607421875
42037410N_87940684W,42.03741,-87.940684,/imagery/pool_rgbn/crosswalk_42037410N_87940684W.tif,1024,1024,4,0.04888282384319034,0.2061884105205536,0.3513517379760742
41863625N_87804170W,41.863625,-87.80417,/imagery/pool_rgbn/crosswalk_41863625N_87804170W.tif,1024,1024,4,0.048882823843424385,0.27371156215667725,0.4173746109008789
41879215N_87825888W,41.879215,-87.825888,/imagery/pool_rgbn/crosswalk_41879215N_87825888W.tif,1024,1024,4,0.04888282384320416,0.20257024466991425,0.46502113342285156
41669845N_87690027W,41.669845,-87.690027,/imagery/pool_rgbn/crosswalk_41669845N_87690027W.tif,1024,1024,4,0.04888282384245801,0.2553442120552063,0.511509895324707
42113107N_87980516W,42.113107,-87.980516,/imagery/pool_rgbn/crosswalk_42113107N_87980516W.tif,1024,1024,4,0.048882823844186865,0.23943601548671722,0.3768806457519531
42120193N_88038364W,42.120193,-88.038364,/imagery/pool_rgbn/crosswalk_42120193N_88038364W.tif,1024,1024,4,0.048882823844192694,0.20642876625061035,0.41333580017089844
41621374N_87525187W,41.621374,-87.525187,/imagery/pool_rgbn/crosswalk_41621374N_87525187W.tif,1024,1024,4,0.04888282384331892,0.23462210595607758,0.3898649215698242
41619116N_87542018W,41.619116,-87.542018,/imagery/pool_rgbn/crosswalk_41619116N_87542018W.tif,1024,1024,4,0.04888282384307743,0.2736433744430542,0.5114631652832031
42117281N_88056709W,42.117281,-88.056709,/imagery/pool_rgbn/crosswalk_42117281N_88056709W.tif,1024,1024,4,0.048882823843458524,0.18667162954807281,0.30835914611816406
41559332N_87842179W,41.559332,-87.842179,/imagery/pool_rgbn/crosswalk_41559332N_87842179W.tif,1024,1024,4,0.04888282384454323,0.28835317492485046,0.5638027191162109
42008054N_87993329W,42.008054,-87.993329,/imagery/pool_rgbn/crosswalk_42008054N_87993329W.tif,1024,1024,4,0.04888282384338724,0.1745316982269287,0.3578052520751953
41848384N_87816402W,41.848384,-87.816402,/imagery/pool_rgbn/crosswalk_41848384N_87816402W.tif,1024,1024,4,0.048882823843204116,0.24681133031845093,0.5055360794067383
41849800N_87836526W,41.8498,-87.836526,/imagery/pool_rgbn/crosswalk_41849800N_87836526W.tif,1024,1024,4,0.04888282384217561,0.1936679631471634,0.2897195816040039
41881503N_87798445W,41.881503,-87.798445,/imagery/pool_rgbn/crosswalk_41881503N_87798445W.tif,1024,1024,4,0.04888282384178978,0.204109787940979,0.3917865753173828
41533254N_87650002W,41.533254,-87.650002,/imagery/pool_rgbn/crosswalk_41533254N_87650002W.tif,1024,1024,4,0.0488828238437314,0.27183404564857483,0.45703697204589844
42002022N_87831212W,42.002022,-87.831212,/imagery/pool_rgbn/crosswalk_42002022N_87831212W.tif,1024,1024,4,0.04888282384181903,0.22134770452976227,0.5148096084594727
42108002N_87849003W,42.108002,-87.849003,/imagery/pool_rgbn/crosswalk_42108002N_87849003W.tif,1024,1024,4,0.048882823843376916,0.240239679813385,0.5164432525634766
41879477N_87781983W,41.879477,-87.781983,/imagery/pool_rgbn/crosswalk_41879477N_87781983W.tif,1024,1024,4,0.04888282384250691,0.25222668051719666,0.5361537933349609
41863803N_87863548W,41.863803,-87.863548,/imagery/pool_rgbn/crosswalk_41863803N_87863548W.tif,1024,1024,4,0.04888282384299488,0.29339224100112915,0.41476917266845703
41506253N_87675925W,41.506253,-87.675925,/imagery/pool_rgbn/crosswalk_41506253N_87675925W.tif,1024,1024,4,0.048882823844724914,0.23664334416389465,0.2749042510986328
41997347N_87727659W,41.997347,-87.727659,/imagery/pool_rgbn/crosswalk_41997347N_87727659W.tif,1024,1024,4,0.04888282384257997,0.3442257344722748,0.5225124359130859
42151999N_87985361W,42.151999,-87.985361,/imagery/pool_rgbn/crosswalk_42151999N_87985361W.tif,1024,1024,4,0.048882823843948375,0.2159804105758667,0.3409881591796875
41824933N_87796207W,41.824933,-87.796207,/imagery/pool_rgbn/crosswalk_41824933N_87796207W.tif,1024,1024,4,0.04888282384290994,0.23796625435352325,0.5275249481201172
41721585N_87759161W,41.721585,-87.759161,/imagery/pool_rgbn/crosswalk_41721585N_87759161W.tif,1024,1024,4,0.04888282384381304,0.2322784811258316,0.45070552825927734
42140141N_87792583W,42.140141,-87.792583,/imagery/pool_rgbn/crosswalk_42140141N_87792583W.tif,1024,1024,4,0.04888282384370478,0.3343134820461273,0.6852264404296875
41992530N_88126860W,41.99253,-88.12686,/imagery/pool_rgbn/crosswalk_41992530N_88126860W.tif,1024,1024,4,0.04888282384246292,0.21967026591300964,0.42067623138427734
41889248N_87894448W,41.889248,-87.894448,/imagery/pool_rgbn/crosswalk_41889248N_87894448W.tif,1024,1024,4,0.048882823843238936,0.21197330951690674,0.31056976318359375
41995003N_87988054W,41.995003,-87.988054,/imagery/pool_rgbn/crosswalk_41995003N_87988054W.tif,1024,1024,4,0.048882823844017334,0.2860492467880249,0.5939006805419922
