epoch,loss,val_iou,val_bf1,val_bf1_1m
0,,0.6161225548374653,0.412963989227093,0.5571753936045405
1,0.7182848453856586,0.704290127724444,0.5443805685655789,0.6585637284294357
2,0.5530987536974168,0.7119895028834681,0.5160392703562698,0.6362688356715894
3,0.5200217781107077,0.707439853521908,0.5140774770036937,0.6340414169395018
4,0.5051654333478949,0.7214615725764768,0.5435783988604057,0.6597213274018283
5,0.48847195065758203,0.7087230168114416,0.5171407092767207,0.6291933414663254
6,0.46603968632355164,0.7170723194687845,0.5205197017639626,0.6346921185376788
7,0.45941922867231155,0.6968146771949567,0.471003871707534,0.5914182682335306
8,0.45188801042484433,0.7249166969670117,0.5265375674492374,0.6473084278171121
9,0.43140279563625206,0.7117651185753363,0.48928192878142013,0.6040616616036374
10,0.4380742082769951,0.7198513385978286,0.50741678452433,0.6252601427733473
11,0.43048295472445114,0.722220023513962,0.5057462073541446,0.6230676407918961
12,0.4300205305051268,0.7194135945709825,0.4970631243508919,0.613311672446853
