"","x","y"
"1",-87.8604491,41.7773411
"2",-87.9080115457327,42.1404719301005
"3",-87.7656782,41.8272214
"4",-87.5419294,41.6936741
"5",-87.633405,41.6494062
"6",-87.7549864,41.7933081
"7",-87.6216447499973,41.8909800500002
"8",-87.8137242,41.8116003
"9",-87.8599257,41.8994873
"10",-87.8099709999758,41.9870569000145
"11",-87.6845543,41.6317088
"12",-87.8018333,41.8180308
"13",-87.8231328,41.9668708
"14",-87.8025727,41.5627453
"15",-87.8983732000028,41.7641867000249
"16",-87.8193476,41.9796707
"17",-87.8441275,41.5712158
"18",-87.6727612,41.9788688
"19",-87.6405741,41.8286228
"20",-87.697316,42.0143902
"21",-88.1476551,42.1514131
"22",-87.7348659999993,42.0063120500501
"23",-87.711873,41.7312345
"24",-87.7381297,42.015388
"25",-87.839163,41.9209038
"26",-87.7206226,41.6844779
"27",-87.7761186,41.9357044
"28",-87.6024263,41.5863307
"29",-87.815714,41.932521
"30",-87.845135,41.8146653
"31",-87.5453883,41.5629353
"32",-87.7386576,41.6991808999999
"33",-87.7274022,41.8588376
"34",-87.8199383,42.025408
"35",-87.9806083772727,42.0788030949184
"36",-87.5793467,41.7664153
"37",-87.7321018,41.8524859
"38",-87.9246462,42.0686477
"39",-87.8461101,42.1376671
"40",-87.8030768,41.6027759
"41",-87.6964585,41.9343734
"42",-87.6861187,42.0195072
"43",-87.8151850000519,41.5813175000109
"44",-87.7200687,41.6711487
"45",-87.8520734,41.6260394
"46",-87.7421343,42.0720676
"47",-87.79565,41.9758487
"48",-87.6861011,42.025088
"49",-87.6723466,42.0120539
"50",-87.8031381,41.7084323
