config,mode,fusion,prompts,negatives,rule,prob_thd,fill_holes_m2,n,iou_mean,iou_median,bf1_mean,bf1_median,bf1_prec,bf1_rec,bf1_1m_mean,area_ratio_median,box_fallback
text__fused__road+car+crosswalk__neg-sidewalk+grass+building+tree__t0.15_c0.5_fill25,text,fused,road+car+crosswalk,sidewalk+grass+building+tree,positive,0.15,25.0,208,0.6965620607203634,0.7410195472880448,0.4343747620439577,0.4382223302591554,0.38128418321268476,0.5425000222894245,0.5519387807976884,0.9431476744678888,0.0
text__fused__road+car+crosswalk__neg-sidewalk+grass+building+tree__t0.15_c0.5_fill10,text,fused,road+car+crosswalk,sidewalk+grass+building+tree,positive,0.15,10.0,208,0.696071029725403,0.7410195472880448,0.4340038765171831,0.43597389207678205,0.3793733621649139,0.545492766768647,0.5512338387243553,0.9414962689978339,0.0
text__fused__road+car+crosswalk__neg-sidewalk+grass+building+tree__t0.2_c0.5_fill25,text,fused,road+car+crosswalk,sidewalk+grass+building+tree,positive,0.2,25.0,208,0.6953208275004343,0.7450408007545688,0.42405536154029944,0.4329624644672435,0.36514674319596263,0.5426694920475484,0.5472099094249812,0.9143497842651528,0.0
text__fused__road+car+crosswalk__neg-sidewalk+grass+building+tree__t0.2_c0.5_fill10,text,fused,road+car+crosswalk,sidewalk+grass+building+tree,positive,0.2,10.0,208,0.6947200676912121,0.7450408007545688,0.4233580200787082,0.4329624644672435,0.36344216525447065,0.5442325127566544,0.5464616306839796,0.913029488205533,0.0
text__fused__road+car+crosswalk__t0.2_c0.5_fill25,text,fused,road+car+crosswalk,,positive,0.2,25.0,208,0.6935177482339019,0.7355712894637805,0.41261235267243507,0.4148252518804457,0.3540725496894241,0.5315828789578375,0.5349710307272821,0.9245259189599541,0.0
text__fused__road+car+crosswalk__t0.2_c0.5_fill10,text,fused,road+car+crosswalk,,positive,0.2,10.0,208,0.6931500050682773,0.7355712894637805,0.4122942409005158,0.4148252518804457,0.3526348740693554,0.532995803716079,0.534835396663874,0.9245259189599541,0.0
text__fused__road+car+crosswalk__neg-sidewalk+grass+building+tree__t0.15_c0.5,text,fused,road+car+crosswalk,sidewalk+grass+building+tree,positive,0.15,0.0,208,0.6946246629461247,0.7402124465824753,0.40308131600664254,0.4099596706907076,0.3300635635815914,0.5713850038984035,0.5193188075786842,0.937289589403566,0.0
text__fused__road+car+crosswalk__neg-sidewalk+grass+building+tree__t0.3_c0.5_fill10,text,fused,road+car+crosswalk,sidewalk+grass+building+tree,positive,0.3,10.0,208,0.685871976660385,0.7220425081195045,0.39157727951347304,0.3939496765103583,0.3268640364348886,0.5276278119733967,0.5235208029619034,0.8505956280459904,0.0
text__fused__road+car+crosswalk__neg-sidewalk+grass+building+tree__t0.3_c0.5_fill25,text,fused,road+car+crosswalk,sidewalk+grass+building+tree,positive,0.3,25.0,208,0.6860899854801814,0.7239778873339815,0.3915187006693014,0.3939496765103583,0.3277675587103842,0.5254397959381211,0.5234299424157458,0.8505956280459904,0.0
text__fused__road__neg-sidewalk+grass+building+tree__t0.15_c0.5_fill25,text,fused,road,sidewalk+grass+building+tree,positive,0.15,25.0,208,0.6699817473540899,0.7055224946018366,0.3914674735298329,0.3906446144167594,0.3468510788674589,0.4821639838057219,0.509356263098264,0.8625509041643835,0.0
text__fused__road+car+crosswalk__t0.15_c0.5_fill10,text,fused,road+car+crosswalk,,positive,0.15,10.0,208,0.68636911155569,0.7149502682263288,0.3907005194558118,0.38689961258830063,0.33618070234942576,0.5038985749997144,0.5076753565884539,0.9831038491645379,0.0
text__fused__road+car+crosswalk__t0.15_c0.5_fill25,text,fused,road+car+crosswalk,,positive,0.15,25.0,208,0.6867318222318033,0.7149502682263288,0.3904857048346201,0.38689961258830063,0.3372350932406218,0.5006023178743274,0.5078017377805486,0.9831038491645379,0.0
text__fused__road+car+crosswalk__t0.3_c0.5_fill10,text,fused,road+car+crosswalk,,positive,0.3,10.0,208,0.6857600463951379,0.7188083132112524,0.3882513465778098,0.39556625499599257,0.323099422123486,0.5253504013438174,0.5214019689032685,0.8693457924475979,0.0
text__fused__road+car+crosswalk__t0.3_c0.5_fill25,text,fused,road+car+crosswalk,,positive,0.3,25.0,208,0.6857673961314255,0.7193511294022674,0.3878186011762995,0.39556625499599257,0.323445961105185,0.5234863485621207,0.5208604016201756,0.8693457924475979,0.0
text__fused__road__neg-sidewalk+grass+building+tree__t0.2_c0.5_fill25,text,fused,road,sidewalk+grass+building+tree,positive,0.2,25.0,208,0.6653178038469844,0.7157550421424861,0.3863863349447032,0.3900321424051266,0.3447165638243784,0.47037327387222333,0.509237847065445,0.8112248775807172,0.0
text__fused__road__neg-sidewalk+grass+building+tree__t0.15_c0.5_fill10,text,fused,road,sidewalk+grass+building+tree,positive,0.15,10.0,208,0.6652709934127093,0.6974939080638876,0.3858276745512592,0.37955075585067105,0.33777228097702416,0.486778940684219,0.5026070752657567,0.848736038433824,0.0
text__fused__road+car+crosswalk__neg-sidewalk+grass+building+tree__t0.2_c0.5,text,fused,road+car+crosswalk,sidewalk+grass+building+tree,positive,0.2,0.0,208,0.6926613161824835,0.7395355550089356,0.38368278764812475,0.3850931809206136,0.30719648655827253,0.5658391639581747,0.5029656318155368,0.9077641345199542,0.0
text__fused__road+car+crosswalk__t0.15_c0.5,text,fused,road+car+crosswalk,,positive,0.15,0.0,208,0.6854411759765324,0.7138223676993241,0.38204198898074476,0.3754972929047742,0.3059402188002377,0.5600352841712024,0.4999980004168561,0.9772419878372839,0.0
text__fused__road+car+crosswalk__t0.2_c0.5,text,fused,road+car+crosswalk,,positive,0.2,0.0,208,0.6912509775450357,0.7338554351055959,0.3817853716667655,0.37836801891905575,0.30339919116998537,0.5682296194122949,0.5010515240115557,0.9226175745465037,0.0
text__fused__road__neg-sidewalk+grass+building+tree__t0.2_c0.5_fill10,text,fused,road,sidewalk+grass+building+tree,positive,0.2,10.0,208,0.6602435016197201,0.7073653804614697,0.37994155543525887,0.3848495444521365,0.3349185367054791,0.4738273180445563,0.5012023719578906,0.8040606142630607,0.0
text__fused__road__t0.2_c0.5_fill25,text,fused,road,,positive,0.2,25.0,208,0.6654987144079799,0.7025147286077795,0.37959285674264565,0.37708905423178685,0.336997489521021,0.4654244085172549,0.5018145196627932,0.8338324669885047,0.0
text__fused__road__neg-sidewalk+grass+building+tree__t0.15_c0.5,text,fused,road,sidewalk+grass+building+tree,positive,0.15,0.0,208,0.660001809464214,0.6916704457636389,0.37462403150025647,0.37045513463921276,0.3167619543613206,0.508270328771201,0.4919370275047831,0.8356126975598193,0.0
text__fused__road__t0.2_c0.5_fill10,text,fused,road,,positive,0.2,10.0,208,0.6601679044021116,0.6946727470061423,0.37441877671727497,0.37162349393646676,0.3276532691850343,0.4704121469462167,0.4956523940997867,0.8264972097995451,0.0
text__fused__road__neg-sidewalk+grass+building+tree__t0.2_c0.5,text,fused,road,sidewalk+grass+building+tree,positive,0.2,0.0,208,0.655449948108904,0.7002917977954777,0.3696666829406453,0.3726350442793913,0.31585303523830166,0.49029567726743295,0.4903388741353287,0.795019741877738,0.0
text__fused__road__t0.2_c0.5,text,fused,road,,positive,0.2,0.0,208,0.655229268410609,0.6869918987773411,0.3691211473150849,0.37023739349377016,0.31155934013121733,0.497181318348063,0.4900435893052625,0.8121484223347166,0.0
text__fused__road__neg-sidewalk+grass+building+tree__t0.3_c0.5_fill25,text,fused,road,sidewalk+grass+building+tree,positive,0.3,25.0,208,0.6520120138648567,0.691257057893987,0.3645191757021418,0.3658685001355283,0.3254226380399095,0.44492394866149965,0.49535657383987136,0.7744599792727802,0.0
text__fused__road__t0.3_c0.5_fill25,text,fused,road,,positive,0.3,25.0,208,0.6525909313528655,0.689839134548058,0.3628048488346786,0.36324707484676605,0.32250153486341915,0.44521235496364675,0.4946992259076695,0.7781817856523088,0.0
text__fused__road__t0.15_c0.5_fill25,text,fused,road,,positive,0.15,25.0,208,0.664988457186815,0.6877059230222148,0.36188397638026165,0.3532360394219975,0.3175948454470246,0.45535048764738806,0.4797619282474986,0.918750006414669,0.0
text__fused__road__t0.15_c0.5,text,fused,road,,positive,0.15,0.0,208,0.6537170049944592,0.6750074188090823,0.36045683687601354,0.3448731579627339,0.29816939833444217,0.508557137645886,0.48024244466986654,0.899600692664059,0.0
text__fused__road__t0.15_c0.5_fill10,text,fused,road,,positive,0.15,10.0,208,0.6595039901619555,0.6793342487594892,0.3595274825358997,0.34909915501460764,0.31100073622439073,0.4631737666977292,0.4768679833453474,0.9066002291484572,0.0
text__fused__road__neg-sidewalk+grass+building+tree__t0.3_c0.5_fill10,text,fused,road,sidewalk+grass+building+tree,positive,0.3,10.0,208,0.6470371733828281,0.6878729476322181,0.3584194576983182,0.353729470982923,0.3162572617687328,0.4472627721705523,0.48747196928901637,0.7715800151395529,0.0
text__fused__road+car+crosswalk__neg-sidewalk+grass+building+tree__t0.3_c0.5,text,fused,road+car+crosswalk,sidewalk+grass+building+tree,positive,0.3,0.0,208,0.6833702172784719,0.720594560658872,0.3580795826452381,0.351674049564195,0.2838132545450475,0.5418962218299147,0.48437675062692725,0.8494041220748587,0.0
text__fused__road__t0.3_c0.5_fill10,text,fused,road,,positive,0.3,10.0,208,0.6475239473010603,0.6781092319983058,0.3570833813569116,0.3488155911160805,0.3135751447105331,0.4480028484121409,0.48716872073011974,0.7739837690783575,0.0
text__fused__road+car+crosswalk__t0.3_c0.5,text,fused,road+car+crosswalk,,positive,0.3,0.0,208,0.6832912750929838,0.7162954335401888,0.356883089212244,0.3522808698402323,0.281843911965064,0.5427519173750024,0.48428544273838353,0.8666414683407744,0.0
text__fused__road__neg-sidewalk+grass+building+tree__t0.3_c0.5,text,fused,road,sidewalk+grass+building+tree,positive,0.3,0.0,208,0.6422797449276144,0.673884192156287,0.3474363922143346,0.3395034372040203,0.298084473025749,0.4592110946644112,0.4746738068531515,0.7629110236526577,0.0
text__fused__road__t0.3_c0.5,text,fused,road,,positive,0.3,0.0,208,0.642785438723123,0.6702307790731656,0.34710089620299145,0.34034640161814034,0.29623965743705505,0.46202460520431166,0.47564109797814597,0.768850578873504,0.0
text__fused__not-sidewalk+grass+building+tree__t0.15_c0.5_fill10,text,fused,road,sidewalk+grass+building+tree,complement,0.15,10.0,208,0.5812689552396493,0.592475027781779,0.31024340944958706,0.30931526122939246,0.23625288819489268,0.5133265406151672,0.4198886387366194,1.202011707939577,0.0
text__fused__not-sidewalk+grass+building+tree__t0.15_c0.5_fill25,text,fused,road,sidewalk+grass+building+tree,complement,0.15,25.0,208,0.5804343709654918,0.5936523734927324,0.30930225668915556,0.3178123218187161,0.2373390424326993,0.5037771869764035,0.4181832441616469,1.218038315160035,0.0
text__fused__not-sidewalk+grass+building+tree__t0.2_c0.5_fill10,text,fused,road,sidewalk+grass+building+tree,complement,0.2,10.0,208,0.574622236464499,0.5854580118642451,0.3002200692718988,0.2976515828004697,0.225683464080809,0.513902310779824,0.4041010089947012,1.2481162566594286,0.0
text__fused__not-sidewalk+grass+building+tree__t0.2_c0.5_fill25,text,fused,road,sidewalk+grass+building+tree,complement,0.2,25.0,208,0.5736334179832153,0.5840528073790883,0.2985888456387337,0.2999208613381267,0.22678522967867737,0.5007693267306026,0.4014635329352557,1.2612847111662862,0.0
text__fused__not-sidewalk+grass+building+tree__t0.15_c0.5,text,fused,road,sidewalk+grass+building+tree,complement,0.15,0.0,208,0.5819972062364543,0.5906532048982907,0.2985593805133292,0.28686724114454704,0.22013073667836874,0.5338685555254967,0.4090705683626104,1.1929534979435001,0.0
text__fused__not-sidewalk+grass+building+tree__t0.2_c0.5,text,fused,road,sidewalk+grass+building+tree,complement,0.2,0.0,208,0.5761410252799085,0.587490737017873,0.2921927424515251,0.2856077327409412,0.21309389195050585,0.5331343245834356,0.39749301212800375,1.241359295658195,0.0
text__fused__not-sidewalk+grass+building+tree__t0.3_c0.5_fill10,text,fused,road,sidewalk+grass+building+tree,complement,0.3,10.0,208,0.5657455127139768,0.5730540717279375,0.282956799378907,0.27063576616492413,0.21140642884581032,0.5079644333411775,0.37974070064112847,1.30150793531,0.0
text__fused__not-sidewalk+grass+building+tree__t0.3_c0.5,text,fused,road,sidewalk+grass+building+tree,complement,0.3,0.0,208,0.5680086350491363,0.5773028677198684,0.2804791111320708,0.2680571175284597,0.204621414578212,0.5307891587838307,0.3793652587269831,1.2960293049033833,0.0
text__fused__not-sidewalk+grass+building+tree__t0.3_c0.5_fill25,text,fused,road,sidewalk+grass+building+tree,complement,0.3,25.0,208,0.5638105940511079,0.5706443957635748,0.27974860242029115,0.26683281042680274,0.21189779929103086,0.48965768981846225,0.374346967765813,1.3204274754402445,0.0
